"filename", "language", "Lua", "XML", "Batch", "Python", "comment", "blank", "total"
"c:\Program Files (x86)\Steam\steamapps\common\The Binding of Isaac Rebirth\mods\GodmodeAchieved\basementrenovator\EntitiesMod.xml", "XML", 0, 95, 0, 0, 8, 14, 117
"c:\Program Files (x86)\Steam\steamapps\common\The Binding of Isaac Rebirth\mods\GodmodeAchieved\basementrenovator\StagesMod.xml", "XML", 0, 26, 0, 0, 0, 0, 26
"c:\Program Files (x86)\Steam\steamapps\common\The Binding of Isaac Rebirth\mods\GodmodeAchieved\content\bossportraits.xml", "XML", 0, 109, 0, 0, 2, 4, 115
"c:\Program Files (x86)\Steam\steamapps\common\The Binding of Isaac Rebirth\mods\GodmodeAchieved\content\challenges.xml", "XML", 0, 6, 0, 0, 30, 0, 36
"c:\Program Files (x86)\Steam\steamapps\common\The Binding of Isaac Rebirth\mods\GodmodeAchieved\content\costumes2.xml", "XML", 0, 41, 0, 0, 3, 4, 48
"c:\Program Files (x86)\Steam\steamapps\common\The Binding of Isaac Rebirth\mods\GodmodeAchieved\content\curses.xml", "XML", 0, 8, 0, 0, 0, 1, 9
"c:\Program Files (x86)\Steam\steamapps\common\The Binding of Isaac Rebirth\mods\GodmodeAchieved\content\entities2.xml", "XML", 0, 604, 0, 0, 22, 86, 712
"c:\Program Files (x86)\Steam\steamapps\common\The Binding of Isaac Rebirth\mods\GodmodeAchieved\content\gfx\CharacterMenu.anm2", "XML", 0, 392, 0, 0, 0, 1, 393
"c:\Program Files (x86)\Steam\steamapps\common\The Binding of Isaac Rebirth\mods\GodmodeAchieved\content\gfx\CharacterMenuAlt.anm2", "XML", 0, 392, 0, 0, 0, 1, 393
"c:\Program Files (x86)\Steam\steamapps\common\The Binding of Isaac Rebirth\mods\GodmodeAchieved\content\gfx\CharacterPortraits.anm2", "XML", 0, 89, 0, 0, 0, 1, 90
"c:\Program Files (x86)\Steam\steamapps\common\The Binding of Isaac Rebirth\mods\GodmodeAchieved\content\gfx\CharacterPortraitsAlt.anm2", "XML", 0, 88, 0, 0, 0, 1, 89
"c:\Program Files (x86)\Steam\steamapps\common\The Binding of Isaac Rebirth\mods\GodmodeAchieved\content\gfx\Coop Menu.anm2", "XML", 0, 149, 0, 0, 0, 1, 150
"c:\Program Files (x86)\Steam\steamapps\common\The Binding of Isaac Rebirth\mods\GodmodeAchieved\content\gfx\Death Screen.anm2", "XML", 0, 177, 0, 0, 0, 1, 178
"c:\Program Files (x86)\Steam\steamapps\common\The Binding of Isaac Rebirth\mods\GodmodeAchieved\content\gfx\enemyportraits.anm2", "XML", 0, 129, 0, 0, 0, 1, 130
"c:\Program Files (x86)\Steam\steamapps\common\The Binding of Isaac Rebirth\mods\GodmodeAchieved\content\gfx\itemportraits.anm2", "XML", 0, 115, 0, 0, 0, 1, 116
"c:\Program Files (x86)\Steam\steamapps\common\The Binding of Isaac Rebirth\mods\GodmodeAchieved\content\gfx\ui_CardFronts.anm2", "XML", 0, 142, 0, 0, 0, 1, 143
"c:\Program Files (x86)\Steam\steamapps\common\The Binding of Isaac Rebirth\mods\GodmodeAchieved\content\gfx\ui_cardspills.anm2", "XML", 0, 289, 0, 0, 0, 1, 290
"c:\Program Files (x86)\Steam\steamapps\common\The Binding of Isaac Rebirth\mods\GodmodeAchieved\content\itempools.xml", "XML", 0, 238, 0, 0, 0, 8, 246
"c:\Program Files (x86)\Steam\steamapps\common\The Binding of Isaac Rebirth\mods\GodmodeAchieved\content\items.xml", "XML", 0, 102, 0, 0, 6, 10, 118
"c:\Program Files (x86)\Steam\steamapps\common\The Binding of Isaac Rebirth\mods\GodmodeAchieved\content\music.xml", "XML", 0, 9, 0, 0, 1, 2, 12
"c:\Program Files (x86)\Steam\steamapps\common\The Binding of Isaac Rebirth\mods\GodmodeAchieved\content\players.xml", "XML", 0, 56, 0, 0, 0, 1, 57
"c:\Program Files (x86)\Steam\steamapps\common\The Binding of Isaac Rebirth\mods\GodmodeAchieved\content\pocketitems.xml", "XML", 0, 11, 0, 0, 0, 1, 12
"c:\Program Files (x86)\Steam\steamapps\common\The Binding of Isaac Rebirth\mods\GodmodeAchieved\content\rooms\00.special rooms.lua", "Lua", 151175, 0, 0, 0, 0, 1, 151176
"c:\Program Files (x86)\Steam\steamapps\common\The Binding of Isaac Rebirth\mods\GodmodeAchieved\content\rooms\00.special rooms.xml", "XML", 0, 151175, 0, 0, 0, 1, 151176
"c:\Program Files (x86)\Steam\steamapps\common\The Binding of Isaac Rebirth\mods\GodmodeAchieved\content\rooms\01.basement.lua", "Lua", 17379, 0, 0, 0, 0, 1, 17380
"c:\Program Files (x86)\Steam\steamapps\common\The Binding of Isaac Rebirth\mods\GodmodeAchieved\content\rooms\01.basement.xml", "XML", 0, 17379, 0, 0, 0, 1, 17380
"c:\Program Files (x86)\Steam\steamapps\common\The Binding of Isaac Rebirth\mods\GodmodeAchieved\content\rooms\02.cellar.lua", "Lua", 10457, 0, 0, 0, 0, 1, 10458
"c:\Program Files (x86)\Steam\steamapps\common\The Binding of Isaac Rebirth\mods\GodmodeAchieved\content\rooms\02.cellar.xml", "XML", 0, 10457, 0, 0, 0, 1, 10458
"c:\Program Files (x86)\Steam\steamapps\common\The Binding of Isaac Rebirth\mods\GodmodeAchieved\content\rooms\03.burning basement.lua", "Lua", 18027, 0, 0, 0, 0, 1, 18028
"c:\Program Files (x86)\Steam\steamapps\common\The Binding of Isaac Rebirth\mods\GodmodeAchieved\content\rooms\03.burning basement.xml", "XML", 0, 18027, 0, 0, 0, 1, 18028
"c:\Program Files (x86)\Steam\steamapps\common\The Binding of Isaac Rebirth\mods\GodmodeAchieved\content\rooms\04.caves.lua", "Lua", 11654, 0, 0, 0, 0, 1, 11655
"c:\Program Files (x86)\Steam\steamapps\common\The Binding of Isaac Rebirth\mods\GodmodeAchieved\content\rooms\04.caves.xml", "XML", 0, 11654, 0, 0, 0, 1, 11655
"c:\Program Files (x86)\Steam\steamapps\common\The Binding of Isaac Rebirth\mods\GodmodeAchieved\content\rooms\05.catacombs.lua", "Lua", 11141, 0, 0, 0, 0, 1, 11142
"c:\Program Files (x86)\Steam\steamapps\common\The Binding of Isaac Rebirth\mods\GodmodeAchieved\content\rooms\05.catacombs.xml", "XML", 0, 11141, 0, 0, 0, 1, 11142
"c:\Program Files (x86)\Steam\steamapps\common\The Binding of Isaac Rebirth\mods\GodmodeAchieved\content\rooms\06.flooded caves.lua", "Lua", 10466, 0, 0, 0, 0, 1, 10467
"c:\Program Files (x86)\Steam\steamapps\common\The Binding of Isaac Rebirth\mods\GodmodeAchieved\content\rooms\06.flooded caves.xml", "XML", 0, 10466, 0, 0, 0, 1, 10467
"c:\Program Files (x86)\Steam\steamapps\common\The Binding of Isaac Rebirth\mods\GodmodeAchieved\content\rooms\07.depths.lua", "Lua", 14646, 0, 0, 0, 0, 1, 14647
"c:\Program Files (x86)\Steam\steamapps\common\The Binding of Isaac Rebirth\mods\GodmodeAchieved\content\rooms\07.depths.xml", "XML", 0, 14646, 0, 0, 0, 1, 14647
"c:\Program Files (x86)\Steam\steamapps\common\The Binding of Isaac Rebirth\mods\GodmodeAchieved\content\rooms\08.necropolis.lua", "Lua", 13989, 0, 0, 0, 0, 1, 13990
"c:\Program Files (x86)\Steam\steamapps\common\The Binding of Isaac Rebirth\mods\GodmodeAchieved\content\rooms\08.necropolis.xml", "XML", 0, 13989, 0, 0, 0, 1, 13990
"c:\Program Files (x86)\Steam\steamapps\common\The Binding of Isaac Rebirth\mods\GodmodeAchieved\content\rooms\09.dank depths.lua", "Lua", 16055, 0, 0, 0, 0, 1, 16056
"c:\Program Files (x86)\Steam\steamapps\common\The Binding of Isaac Rebirth\mods\GodmodeAchieved\content\rooms\09.dank depths.xml", "XML", 0, 16055, 0, 0, 0, 1, 16056
"c:\Program Files (x86)\Steam\steamapps\common\The Binding of Isaac Rebirth\mods\GodmodeAchieved\content\rooms\10.womb.lua", "Lua", 21295, 0, 0, 0, 0, 1, 21296
"c:\Program Files (x86)\Steam\steamapps\common\The Binding of Isaac Rebirth\mods\GodmodeAchieved\content\rooms\10.womb.xml", "XML", 0, 21295, 0, 0, 0, 1, 21296
"c:\Program Files (x86)\Steam\steamapps\common\The Binding of Isaac Rebirth\mods\GodmodeAchieved\content\rooms\11.utero.lua", "Lua", 21445, 0, 0, 0, 0, 1, 21446
"c:\Program Files (x86)\Steam\steamapps\common\The Binding of Isaac Rebirth\mods\GodmodeAchieved\content\rooms\11.utero.xml", "XML", 0, 21445, 0, 0, 0, 1, 21446
"c:\Program Files (x86)\Steam\steamapps\common\The Binding of Isaac Rebirth\mods\GodmodeAchieved\content\rooms\12.scarred womb.lua", "Lua", 22063, 0, 0, 0, 0, 1, 22064
"c:\Program Files (x86)\Steam\steamapps\common\The Binding of Isaac Rebirth\mods\GodmodeAchieved\content\rooms\12.scarred womb.xml", "XML", 0, 22063, 0, 0, 0, 1, 22064
"c:\Program Files (x86)\Steam\steamapps\common\The Binding of Isaac Rebirth\mods\GodmodeAchieved\content\rooms\13.blue womb.lua", "Lua", 6862, 0, 0, 0, 0, 1, 6863
"c:\Program Files (x86)\Steam\steamapps\common\The Binding of Isaac Rebirth\mods\GodmodeAchieved\content\rooms\13.blue womb.xml", "XML", 0, 6862, 0, 0, 0, 1, 6863
"c:\Program Files (x86)\Steam\steamapps\common\The Binding of Isaac Rebirth\mods\GodmodeAchieved\content\rooms\14.sheol.lua", "Lua", 12277, 0, 0, 0, 0, 1, 12278
"c:\Program Files (x86)\Steam\steamapps\common\The Binding of Isaac Rebirth\mods\GodmodeAchieved\content\rooms\14.sheol.xml", "XML", 0, 12277, 0, 0, 0, 1, 12278
"c:\Program Files (x86)\Steam\steamapps\common\The Binding of Isaac Rebirth\mods\GodmodeAchieved\content\rooms\15.cathedral.lua", "Lua", 7704, 0, 0, 0, 0, 1, 7705
"c:\Program Files (x86)\Steam\steamapps\common\The Binding of Isaac Rebirth\mods\GodmodeAchieved\content\rooms\15.cathedral.xml", "XML", 0, 7704, 0, 0, 0, 1, 7705
"c:\Program Files (x86)\Steam\steamapps\common\The Binding of Isaac Rebirth\mods\GodmodeAchieved\content\rooms\16.dark room.lua", "Lua", 2960, 0, 0, 0, 0, 1, 2961
"c:\Program Files (x86)\Steam\steamapps\common\The Binding of Isaac Rebirth\mods\GodmodeAchieved\content\rooms\16.dark room.xml", "XML", 0, 2960, 0, 0, 0, 1, 2961
"c:\Program Files (x86)\Steam\steamapps\common\The Binding of Isaac Rebirth\mods\GodmodeAchieved\content\rooms\17.chest.lua", "Lua", 3020, 0, 0, 0, 0, 1, 3021
"c:\Program Files (x86)\Steam\steamapps\common\The Binding of Isaac Rebirth\mods\GodmodeAchieved\content\rooms\17.chest.xml", "XML", 0, 3020, 0, 0, 0, 1, 3021
"c:\Program Files (x86)\Steam\steamapps\common\The Binding of Isaac Rebirth\mods\GodmodeAchieved\content\rooms\27.downpour.lua", "Lua", 39633, 0, 0, 0, 0, 1, 39634
"c:\Program Files (x86)\Steam\steamapps\common\The Binding of Isaac Rebirth\mods\GodmodeAchieved\content\rooms\27.downpour.xml", "XML", 0, 39633, 0, 0, 0, 1, 39634
"c:\Program Files (x86)\Steam\steamapps\common\The Binding of Isaac Rebirth\mods\GodmodeAchieved\content\rooms\28.dross.lua", "Lua", 26041, 0, 0, 0, 0, 1, 26042
"c:\Program Files (x86)\Steam\steamapps\common\The Binding of Isaac Rebirth\mods\GodmodeAchieved\content\rooms\28.dross.xml", "XML", 0, 26041, 0, 0, 0, 1, 26042
"c:\Program Files (x86)\Steam\steamapps\common\The Binding of Isaac Rebirth\mods\GodmodeAchieved\content\rooms\29.mines.lua", "Lua", 23487, 0, 0, 0, 0, 1, 23488
"c:\Program Files (x86)\Steam\steamapps\common\The Binding of Isaac Rebirth\mods\GodmodeAchieved\content\rooms\29.mines.xml", "XML", 0, 23487, 0, 0, 0, 1, 23488
"c:\Program Files (x86)\Steam\steamapps\common\The Binding of Isaac Rebirth\mods\GodmodeAchieved\content\rooms\30.ashpit.lua", "Lua", 24256, 0, 0, 0, 0, 1, 24257
"c:\Program Files (x86)\Steam\steamapps\common\The Binding of Isaac Rebirth\mods\GodmodeAchieved\content\rooms\30.ashpit.xml", "XML", 0, 24256, 0, 0, 0, 1, 24257
"c:\Program Files (x86)\Steam\steamapps\common\The Binding of Isaac Rebirth\mods\GodmodeAchieved\content\rooms\31.mausoleum.lua", "Lua", 20548, 0, 0, 0, 0, 1, 20549
"c:\Program Files (x86)\Steam\steamapps\common\The Binding of Isaac Rebirth\mods\GodmodeAchieved\content\rooms\31.mausoleum.xml", "XML", 0, 20548, 0, 0, 0, 1, 20549
"c:\Program Files (x86)\Steam\steamapps\common\The Binding of Isaac Rebirth\mods\GodmodeAchieved\content\rooms\32.gehenna.lua", "Lua", 20563, 0, 0, 0, 0, 1, 20564
"c:\Program Files (x86)\Steam\steamapps\common\The Binding of Isaac Rebirth\mods\GodmodeAchieved\content\rooms\32.gehenna.xml", "XML", 0, 20563, 0, 0, 0, 1, 20564
"c:\Program Files (x86)\Steam\steamapps\common\The Binding of Isaac Rebirth\mods\GodmodeAchieved\content\rooms\33.corpse.lua", "Lua", 21205, 0, 0, 0, 0, 1, 21206
"c:\Program Files (x86)\Steam\steamapps\common\The Binding of Isaac Rebirth\mods\GodmodeAchieved\content\rooms\33.corpse.xml", "XML", 0, 21205, 0, 0, 0, 1, 21206
"c:\Program Files (x86)\Steam\steamapps\common\The Binding of Isaac Rebirth\mods\GodmodeAchieved\content\rooms\greed\00.special rooms.lua", "Lua", 25466, 0, 0, 0, 0, 1, 25467
"c:\Program Files (x86)\Steam\steamapps\common\The Binding of Isaac Rebirth\mods\GodmodeAchieved\content\rooms\greed\00.special rooms.xml", "XML", 0, 25466, 0, 0, 0, 1, 25467
"c:\Program Files (x86)\Steam\steamapps\common\The Binding of Isaac Rebirth\mods\GodmodeAchieved\content\rooms\greed\01.basement.lua", "Lua", 839, 0, 0, 0, 0, 1, 840
"c:\Program Files (x86)\Steam\steamapps\common\The Binding of Isaac Rebirth\mods\GodmodeAchieved\content\rooms\greed\01.basement.xml", "XML", 0, 839, 0, 0, 0, 1, 840
"c:\Program Files (x86)\Steam\steamapps\common\The Binding of Isaac Rebirth\mods\GodmodeAchieved\content\rooms\greed\02.cellar.xml", "XML", 0, 839, 0, 0, 0, 1, 840
"c:\Program Files (x86)\Steam\steamapps\common\The Binding of Isaac Rebirth\mods\GodmodeAchieved\content\rooms\greed\03.burning basement.xml", "XML", 0, 839, 0, 0, 0, 1, 840
"c:\Program Files (x86)\Steam\steamapps\common\The Binding of Isaac Rebirth\mods\GodmodeAchieved\content\shaders.xml", "XML", 0, 149, 0, 0, 0, 18, 167
"c:\Program Files (x86)\Steam\steamapps\common\The Binding of Isaac Rebirth\mods\GodmodeAchieved\content\sounds.xml", "XML", 0, 35, 0, 0, 0, 0, 35
"c:\Program Files (x86)\Steam\steamapps\common\The Binding of Isaac Rebirth\mods\GodmodeAchieved\main.lua", "Lua", 1497, 0, 0, 0, 186, 327, 2010
"c:\Program Files (x86)\Steam\steamapps\common\The Binding of Isaac Rebirth\mods\GodmodeAchieved\metadata.xml", "XML", 0, 68, 0, 0, 0, 7, 75
"c:\Program Files (x86)\Steam\steamapps\common\The Binding of Isaac Rebirth\mods\GodmodeAchieved\resources\fxlayers_deobf.xml", "XML", 0, 409, 0, 0, 54, 1, 464
"c:\Program Files (x86)\Steam\steamapps\common\The Binding of Isaac Rebirth\mods\GodmodeAchieved\resources\gfx\0.1_hostess_cluster.anm2", "XML", 0, 69, 0, 0, 0, 1, 70
"c:\Program Files (x86)\Steam\steamapps\common\The Binding of Isaac Rebirth\mods\GodmodeAchieved\resources\gfx\006.018_rotten beggar.anm2", "XML", 0, 212, 0, 0, 0, 1, 213
"c:\Program Files (x86)\Steam\steamapps\common\The Binding of Isaac Rebirth\mods\GodmodeAchieved\resources\gfx\084.010_satan stomp.anm2", "XML", 0, 116, 0, 0, 0, 1, 117
"c:\Program Files (x86)\Steam\steamapps\common\The Binding of Isaac Rebirth\mods\GodmodeAchieved\resources\gfx\0_nerve_cluster.anm2", "XML", 0, 69, 0, 0, 0, 1, 70
"c:\Program Files (x86)\Steam\steamapps\common\The Binding of Isaac Rebirth\mods\GodmodeAchieved\resources\gfx\1000.141_smoke cloud.anm2", "XML", 0, 33, 0, 0, 0, 1, 34
"c:\Program Files (x86)\Steam\steamapps\common\The Binding of Isaac Rebirth\mods\GodmodeAchieved\resources\gfx\100_sunken.anm2", "XML", 0, 286, 0, 0, 0, 1, 287
"c:\Program Files (x86)\Steam\steamapps\common\The Binding of Isaac Rebirth\mods\GodmodeAchieved\resources\gfx\101_ludomaw.anm2", "XML", 0, 132, 0, 0, 0, 1, 133
"c:\Program Files (x86)\Steam\steamapps\common\The Binding of Isaac Rebirth\mods\GodmodeAchieved\resources\gfx\101_ludomaw_new.anm2", "XML", 0, 386, 0, 0, 0, 1, 387
"c:\Program Files (x86)\Steam\steamapps\common\The Binding of Isaac Rebirth\mods\GodmodeAchieved\resources\gfx\102.1_hostess_tendril.anm2", "XML", 0, 66, 0, 0, 0, 1, 67
"c:\Program Files (x86)\Steam\steamapps\common\The Binding of Isaac Rebirth\mods\GodmodeAchieved\resources\gfx\102_hostess.anm2", "XML", 0, 1030, 0, 0, 0, 1, 1031
"c:\Program Files (x86)\Steam\steamapps\common\The Binding of Isaac Rebirth\mods\GodmodeAchieved\resources\gfx\103_mega_cyst.anm2", "XML", 0, 175, 0, 0, 0, 1, 176
"c:\Program Files (x86)\Steam\steamapps\common\The Binding of Isaac Rebirth\mods\GodmodeAchieved\resources\gfx\104_small_furnace_guard.anm2", "XML", 0, 353, 0, 0, 0, 1, 354
"c:\Program Files (x86)\Steam\steamapps\common\The Binding of Isaac Rebirth\mods\GodmodeAchieved\resources\gfx\105_demon_priest.anm2", "XML", 0, 425, 0, 0, 0, 1, 426
"c:\Program Files (x86)\Steam\steamapps\common\The Binding of Isaac Rebirth\mods\GodmodeAchieved\resources\gfx\106_marketman.anm2", "XML", 0, 41, 0, 0, 0, 1, 42
"c:\Program Files (x86)\Steam\steamapps\common\The Binding of Isaac Rebirth\mods\GodmodeAchieved\resources\gfx\107_mimic_worm.anm2", "XML", 0, 400, 0, 0, 0, 1, 401
"c:\Program Files (x86)\Steam\steamapps\common\The Binding of Isaac Rebirth\mods\GodmodeAchieved\resources\gfx\108.2_skeletal_orb.anm2", "XML", 0, 110, 0, 0, 0, 1, 111
"c:\Program Files (x86)\Steam\steamapps\common\The Binding of Isaac Rebirth\mods\GodmodeAchieved\resources\gfx\108_callofthevoid.anm2", "XML", 0, 516, 0, 0, 0, 1, 517
"c:\Program Files (x86)\Steam\steamapps\common\The Binding of Isaac Rebirth\mods\GodmodeAchieved\resources\gfx\109.1_bubble.anm2", "XML", 0, 160, 0, 0, 0, 1, 161
"c:\Program Files (x86)\Steam\steamapps\common\The Binding of Isaac Rebirth\mods\GodmodeAchieved\resources\gfx\109.2_toxic_bubble.anm2", "XML", 0, 160, 0, 0, 0, 1, 161
"c:\Program Files (x86)\Steam\steamapps\common\The Binding of Isaac Rebirth\mods\GodmodeAchieved\resources\gfx\109_bubbly_plum.anm2", "XML", 0, 773, 0, 0, 0, 1, 774
"c:\Program Files (x86)\Steam\steamapps\common\The Binding of Isaac Rebirth\mods\GodmodeAchieved\resources\gfx\10_fetal_baby.anm2", "XML", 0, 169, 0, 0, 0, 1, 170
"c:\Program Files (x86)\Steam\steamapps\common\The Binding of Isaac Rebirth\mods\GodmodeAchieved\resources\gfx\110_megaworm.anm2", "XML", 0, 236, 0, 0, 0, 1, 237
"c:\Program Files (x86)\Steam\steamapps\common\The Binding of Isaac Rebirth\mods\GodmodeAchieved\resources\gfx\111_blight_fly.anm2", "XML", 0, 1083, 0, 0, 0, 1, 1084
"c:\Program Files (x86)\Steam\steamapps\common\The Binding of Isaac Rebirth\mods\GodmodeAchieved\resources\gfx\112_bowl_play.anm2", "XML", 0, 514, 0, 0, 0, 1, 515
"c:\Program Files (x86)\Steam\steamapps\common\The Binding of Isaac Rebirth\mods\GodmodeAchieved\resources\gfx\113.1_outbreak_spider.anm2", "XML", 0, 114, 0, 0, 0, 1, 115
"c:\Program Files (x86)\Steam\steamapps\common\The Binding of Isaac Rebirth\mods\GodmodeAchieved\resources\gfx\113_outbreak.anm2", "XML", 0, 396, 0, 0, 0, 1, 397
"c:\Program Files (x86)\Steam\steamapps\common\The Binding of Isaac Rebirth\mods\GodmodeAchieved\resources\gfx\114_bulge_bat.anm2", "XML", 0, 409, 0, 0, 0, 1, 410
"c:\Program Files (x86)\Steam\steamapps\common\The Binding of Isaac Rebirth\mods\GodmodeAchieved\resources\gfx\115_brazier.anm2", "XML", 0, 381, 0, 0, 0, 1, 382
"c:\Program Files (x86)\Steam\steamapps\common\The Binding of Isaac Rebirth\mods\GodmodeAchieved\resources\gfx\116_error.anm2", "XML", 0, 176, 0, 0, 0, 1, 177
"c:\Program Files (x86)\Steam\steamapps\common\The Binding of Isaac Rebirth\mods\GodmodeAchieved\resources\gfx\11_slammer.anm2", "XML", 0, 153, 0, 0, 0, 1, 154
"c:\Program Files (x86)\Steam\steamapps\common\The Binding of Isaac Rebirth\mods\GodmodeAchieved\resources\gfx\121_candle.anm2", "XML", 0, 275, 0, 0, 0, 1, 276
"c:\Program Files (x86)\Steam\steamapps\common\The Binding of Isaac Rebirth\mods\GodmodeAchieved\resources\gfx\121_the_ritual.anm2", "XML", 0, 989, 0, 0, 0, 1, 990
"c:\Program Files (x86)\Steam\steamapps\common\The Binding of Isaac Rebirth\mods\GodmodeAchieved\resources\gfx\122_the_sacred_soul.anm2", "XML", 0, 299, 0, 0, 0, 1, 300
"c:\Program Files (x86)\Steam\steamapps\common\The Binding of Isaac Rebirth\mods\GodmodeAchieved\resources\gfx\123_the_sacred_mind.anm2", "XML", 0, 283, 0, 0, 0, 1, 284
"c:\Program Files (x86)\Steam\steamapps\common\The Binding of Isaac Rebirth\mods\GodmodeAchieved\resources\gfx\124_the_sacred_body.anm2", "XML", 0, 281, 0, 0, 0, 1, 282
"c:\Program Files (x86)\Steam\steamapps\common\The Binding of Isaac Rebirth\mods\GodmodeAchieved\resources\gfx\125_souleater.anm2", "XML", 0, 623, 0, 0, 0, 1, 624
"c:\Program Files (x86)\Steam\steamapps\common\The Binding of Isaac Rebirth\mods\GodmodeAchieved\resources\gfx\125_the_souleater.anm2", "XML", 0, 258, 0, 0, 0, 1, 259
"c:\Program Files (x86)\Steam\steamapps\common\The Binding of Isaac Rebirth\mods\GodmodeAchieved\resources\gfx\126.1_small_furnace_guard.anm2", "XML", 0, 351, 0, 0, 0, 1, 352
"c:\Program Files (x86)\Steam\steamapps\common\The Binding of Isaac Rebirth\mods\GodmodeAchieved\resources\gfx\126_furnace_guard.anm2", "XML", 0, 201, 0, 0, 0, 1, 202
"c:\Program Files (x86)\Steam\steamapps\common\The Binding of Isaac Rebirth\mods\GodmodeAchieved\resources\gfx\127_grand_marshall.anm2", "XML", 0, 740, 0, 0, 0, 1, 741
"c:\Program Files (x86)\Steam\steamapps\common\The Binding of Isaac Rebirth\mods\GodmodeAchieved\resources\gfx\128_itbreathes.anm2", "XML", 0, 332, 0, 0, 0, 1, 333
"c:\Program Files (x86)\Steam\steamapps\common\The Binding of Isaac Rebirth\mods\GodmodeAchieved\resources\gfx\129_blooduriel.anm2", "XML", 0, 601, 0, 0, 0, 1, 602
"c:\Program Files (x86)\Steam\steamapps\common\The Binding of Isaac Rebirth\mods\GodmodeAchieved\resources\gfx\12_planter.anm2", "XML", 0, 109, 0, 0, 0, 1, 110
"c:\Program Files (x86)\Steam\steamapps\common\The Binding of Isaac Rebirth\mods\GodmodeAchieved\resources\gfx\130_bloodgabriel.anm2", "XML", 0, 763, 0, 0, 0, 1, 764
"c:\Program Files (x86)\Steam\steamapps\common\The Binding of Isaac Rebirth\mods\GodmodeAchieved\resources\gfx\131_bathemo.anm2", "XML", 0, 80, 0, 0, 0, 1, 81
"c:\Program Files (x86)\Steam\steamapps\common\The Binding of Isaac Rebirth\mods\GodmodeAchieved\resources\gfx\131_bathemo_big.anm2", "XML", 0, 234, 0, 0, 0, 1, 235
"c:\Program Files (x86)\Steam\steamapps\common\The Binding of Isaac Rebirth\mods\GodmodeAchieved\resources\gfx\131_bathemo_swarm.anm2", "XML", 0, 162, 0, 0, 0, 1, 163
"c:\Program Files (x86)\Steam\steamapps\common\The Binding of Isaac Rebirth\mods\GodmodeAchieved\resources\gfx\13_big_dipper.anm2", "XML", 0, 181, 0, 0, 0, 1, 182
"c:\Program Files (x86)\Steam\steamapps\common\The Binding of Isaac Rebirth\mods\GodmodeAchieved\resources\gfx\14_barf.anm2", "XML", 0, 109, 0, 0, 0, 1, 110
"c:\Program Files (x86)\Steam\steamapps\common\The Binding of Isaac Rebirth\mods\GodmodeAchieved\resources\gfx\14_barfer.anm2", "XML", 0, 125, 0, 0, 0, 1, 126
"c:\Program Files (x86)\Steam\steamapps\common\The Binding of Isaac Rebirth\mods\GodmodeAchieved\resources\gfx\150_adramolech.anm2", "XML", 0, 199, 0, 0, 0, 1, 200
"c:\Program Files (x86)\Steam\steamapps\common\The Binding of Isaac Rebirth\mods\GodmodeAchieved\resources\gfx\152_lucifer.anm2", "XML", 0, 215, 0, 0, 0, 1, 216
"c:\Program Files (x86)\Steam\steamapps\common\The Binding of Isaac Rebirth\mods\GodmodeAchieved\resources\gfx\153_skeletal_angel.anm2", "XML", 0, 1526, 0, 0, 0, 1, 1527
"c:\Program Files (x86)\Steam\steamapps\common\The Binding of Isaac Rebirth\mods\GodmodeAchieved\resources\gfx\153_skeletal_angel_new.anm2", "XML", 0, 2133, 0, 0, 0, 1, 2134
"c:\Program Files (x86)\Steam\steamapps\common\The Binding of Isaac Rebirth\mods\GodmodeAchieved\resources\gfx\154_skeletal_soul.anm2", "XML", 0, 585, 0, 0, 0, 1, 586
"c:\Program Files (x86)\Steam\steamapps\common\The Binding of Isaac Rebirth\mods\GodmodeAchieved\resources\gfx\15_dial.anm2", "XML", 0, 215, 0, 0, 0, 1, 216
"c:\Program Files (x86)\Steam\steamapps\common\The Binding of Isaac Rebirth\mods\GodmodeAchieved\resources\gfx\16_guarded.anm2", "XML", 0, 567, 0, 0, 0, 1, 568
"c:\Program Files (x86)\Steam\steamapps\common\The Binding of Isaac Rebirth\mods\GodmodeAchieved\resources\gfx\17_silent.anm2", "XML", 0, 154, 0, 0, 0, 1, 155
"c:\Program Files (x86)\Steam\steamapps\common\The Binding of Isaac Rebirth\mods\GodmodeAchieved\resources\gfx\18_teether.anm2", "XML", 0, 108, 0, 0, 0, 1, 109
"c:\Program Files (x86)\Steam\steamapps\common\The Binding of Isaac Rebirth\mods\GodmodeAchieved\resources\gfx\19_hover.anm2", "XML", 0, 173, 0, 0, 0, 1, 174
"c:\Program Files (x86)\Steam\steamapps\common\The Binding of Isaac Rebirth\mods\GodmodeAchieved\resources\gfx\1_guardian_angel.anm2", "XML", 0, 156, 0, 0, 0, 1, 157
"c:\Program Files (x86)\Steam\steamapps\common\The Binding of Isaac Rebirth\mods\GodmodeAchieved\resources\gfx\2.1_fright.anm2", "XML", 0, 135, 0, 0, 0, 1, 136
"c:\Program Files (x86)\Steam\steamapps\common\The Binding of Isaac Rebirth\mods\GodmodeAchieved\resources\gfx\202_ivory_portal.anm2", "XML", 0, 60, 0, 0, 0, 1, 61
"c:\Program Files (x86)\Steam\steamapps\common\The Binding of Isaac Rebirth\mods\GodmodeAchieved\resources\gfx\203_furnace_bubble.anm2", "XML", 0, 56, 0, 0, 0, 1, 57
"c:\Program Files (x86)\Steam\steamapps\common\The Binding of Isaac Rebirth\mods\GodmodeAchieved\resources\gfx\208.0_red_e_heart.anm2", "XML", 0, 202, 0, 0, 0, 1, 203
"c:\Program Files (x86)\Steam\steamapps\common\The Binding of Isaac Rebirth\mods\GodmodeAchieved\resources\gfx\208.1_blu_e_heart.anm2", "XML", 0, 185, 0, 0, 0, 1, 186
"c:\Program Files (x86)\Steam\steamapps\common\The Binding of Isaac Rebirth\mods\GodmodeAchieved\resources\gfx\208.2_bla_e_heart.anm2", "XML", 0, 185, 0, 0, 0, 1, 186
"c:\Program Files (x86)\Steam\steamapps\common\The Binding of Isaac Rebirth\mods\GodmodeAchieved\resources\gfx\208.3_gol_e_heart.anm2", "XML", 0, 185, 0, 0, 0, 1, 186
"c:\Program Files (x86)\Steam\steamapps\common\The Binding of Isaac Rebirth\mods\GodmodeAchieved\resources\gfx\208.4_ang_e_heart.anm2", "XML", 0, 185, 0, 0, 0, 1, 186
"c:\Program Files (x86)\Steam\steamapps\common\The Binding of Isaac Rebirth\mods\GodmodeAchieved\resources\gfx\208.5_bon_e_heart.anm2", "XML", 0, 210, 0, 0, 0, 1, 211
"c:\Program Files (x86)\Steam\steamapps\common\The Binding of Isaac Rebirth\mods\GodmodeAchieved\resources\gfx\20_megahost.anm2", "XML", 0, 114, 0, 0, 0, 1, 115
"c:\Program Files (x86)\Steam\steamapps\common\The Binding of Isaac Rebirth\mods\GodmodeAchieved\resources\gfx\210_crack_tell.anm2", "XML", 0, 115, 0, 0, 0, 1, 116
"c:\Program Files (x86)\Steam\steamapps\common\The Binding of Isaac Rebirth\mods\GodmodeAchieved\resources\gfx\21_megafleshhost.anm2", "XML", 0, 114, 0, 0, 0, 1, 115
"c:\Program Files (x86)\Steam\steamapps\common\The Binding of Isaac Rebirth\mods\GodmodeAchieved\resources\gfx\22_drifter.anm2", "XML", 0, 224, 0, 0, 0, 1, 225
"c:\Program Files (x86)\Steam\steamapps\common\The Binding of Isaac Rebirth\mods\GodmodeAchieved\resources\gfx\234.130_onetooth.anm2", "XML", 0, 77, 0, 0, 0, 1, 78
"c:\Program Files (x86)\Steam\steamapps\common\The Binding of Isaac Rebirth\mods\GodmodeAchieved\resources\gfx\23_chanter.anm2", "XML", 0, 306, 0, 0, 0, 1, 307
"c:\Program Files (x86)\Steam\steamapps\common\The Binding of Isaac Rebirth\mods\GodmodeAchieved\resources\gfx\24_shade.anm2", "XML", 0, 104, 0, 0, 0, 1, 105
"c:\Program Files (x86)\Steam\steamapps\common\The Binding of Isaac Rebirth\mods\GodmodeAchieved\resources\gfx\258.130_fat bat.anm2", "XML", 0, 132, 0, 0, 0, 1, 133
"c:\Program Files (x86)\Steam\steamapps\common\The Binding of Isaac Rebirth\mods\GodmodeAchieved\resources\gfx\25_paracolony.anm2", "XML", 0, 45, 0, 0, 0, 1, 46
"c:\Program Files (x86)\Steam\steamapps\common\The Binding of Isaac Rebirth\mods\GodmodeAchieved\resources\gfx\26_parabit.anm2", "XML", 0, 171, 0, 0, 0, 1, 172
"c:\Program Files (x86)\Steam\steamapps\common\The Binding of Isaac Rebirth\mods\GodmodeAchieved\resources\gfx\274.000_megasatanhead.anm2", "XML", 0, 727, 0, 0, 0, 1, 728
"c:\Program Files (x86)\Steam\steamapps\common\The Binding of Isaac Rebirth\mods\GodmodeAchieved\resources\gfx\274.001_megasatanhand.anm2", "XML", 0, 413, 0, 0, 0, 1, 414
"c:\Program Files (x86)\Steam\steamapps\common\The Binding of Isaac Rebirth\mods\GodmodeAchieved\resources\gfx\275.000_megasatan2head.anm2", "XML", 0, 592, 0, 0, 0, 1, 593
"c:\Program Files (x86)\Steam\steamapps\common\The Binding of Isaac Rebirth\mods\GodmodeAchieved\resources\gfx\275.001_megasatan2hand.anm2", "XML", 0, 313, 0, 0, 0, 1, 314
"c:\Program Files (x86)\Steam\steamapps\common\The Binding of Isaac Rebirth\mods\GodmodeAchieved\resources\gfx\27_blood_baby.anm2", "XML", 0, 176, 0, 0, 0, 1, 177
"c:\Program Files (x86)\Steam\steamapps\common\The Binding of Isaac Rebirth\mods\GodmodeAchieved\resources\gfx\28_fallen_angel.anm2", "XML", 0, 177, 0, 0, 0, 1, 178
"c:\Program Files (x86)\Steam\steamapps\common\The Binding of Isaac Rebirth\mods\GodmodeAchieved\resources\gfx\29_queen_fly.anm2", "XML", 0, 135, 0, 0, 0, 1, 136
"c:\Program Files (x86)\Steam\steamapps\common\The Binding of Isaac Rebirth\mods\GodmodeAchieved\resources\gfx\2_blind.anm2", "XML", 0, 133, 0, 0, 0, 1, 134
"c:\Program Files (x86)\Steam\steamapps\common\The Binding of Isaac Rebirth\mods\GodmodeAchieved\resources\gfx\30_godleg.anm2", "XML", 0, 199, 0, 0, 0, 1, 200
"c:\Program Files (x86)\Steam\steamapps\common\The Binding of Isaac Rebirth\mods\GodmodeAchieved\resources\gfx\31_marshall_pawn.anm2", "XML", 0, 176, 0, 0, 0, 1, 177
"c:\Program Files (x86)\Steam\steamapps\common\The Binding of Isaac Rebirth\mods\GodmodeAchieved\resources\gfx\32.1_arch_priest.anm2", "XML", 0, 305, 0, 0, 0, 1, 306
"c:\Program Files (x86)\Steam\steamapps\common\The Binding of Isaac Rebirth\mods\GodmodeAchieved\resources\gfx\32_arch_bishop.anm2", "XML", 0, 302, 0, 0, 0, 1, 303
"c:\Program Files (x86)\Steam\steamapps\common\The Binding of Isaac Rebirth\mods\GodmodeAchieved\resources\gfx\33_devil_lock.anm2", "XML", 0, 297, 0, 0, 0, 1, 298
"c:\Program Files (x86)\Steam\steamapps\common\The Binding of Isaac Rebirth\mods\GodmodeAchieved\resources\gfx\34_pooglobin.anm2", "XML", 0, 193, 0, 0, 0, 1, 194
"c:\Program Files (x86)\Steam\steamapps\common\The Binding of Isaac Rebirth\mods\GodmodeAchieved\resources\gfx\35_hexstar.anm2", "XML", 0, 160, 0, 0, 0, 1, 161
"c:\Program Files (x86)\Steam\steamapps\common\The Binding of Isaac Rebirth\mods\GodmodeAchieved\resources\gfx\36_the_id.anm2", "XML", 0, 142, 0, 0, 0, 1, 143
"c:\Program Files (x86)\Steam\steamapps\common\The Binding of Isaac Rebirth\mods\GodmodeAchieved\resources\gfx\37_gatekeeper.anm2", "XML", 0, 296, 0, 0, 0, 1, 297
"c:\Program Files (x86)\Steam\steamapps\common\The Binding of Isaac Rebirth\mods\GodmodeAchieved\resources\gfx\38_winged_spider.anm2", "XML", 0, 157, 0, 0, 0, 1, 158
"c:\Program Files (x86)\Steam\steamapps\common\The Binding of Isaac Rebirth\mods\GodmodeAchieved\resources\gfx\39_delirious_pile.anm2", "XML", 0, 155, 0, 0, 0, 1, 156
"c:\Program Files (x86)\Steam\steamapps\common\The Binding of Isaac Rebirth\mods\GodmodeAchieved\resources\gfx\3_dream.anm2", "XML", 0, 290, 0, 0, 0, 1, 291
"c:\Program Files (x86)\Steam\steamapps\common\The Binding of Isaac Rebirth\mods\GodmodeAchieved\resources\gfx\40_ludomini.anm2", "XML", 0, 157, 0, 0, 0, 1, 158
"c:\Program Files (x86)\Steam\steamapps\common\The Binding of Isaac Rebirth\mods\GodmodeAchieved\resources\gfx\41_ratty.anm2", "XML", 0, 282, 0, 0, 0, 1, 283
"c:\Program Files (x86)\Steam\steamapps\common\The Binding of Isaac Rebirth\mods\GodmodeAchieved\resources\gfx\42_infested_membrain.anm2", "XML", 0, 158, 0, 0, 0, 1, 159
"c:\Program Files (x86)\Steam\steamapps\common\The Binding of Isaac Rebirth\mods\GodmodeAchieved\resources\gfx\43_wrinkled_fatty.anm2", "XML", 0, 156, 0, 0, 0, 1, 157
"c:\Program Files (x86)\Steam\steamapps\common\The Binding of Isaac Rebirth\mods\GodmodeAchieved\resources\gfx\44.1_apple.anm2", "XML", 0, 98, 0, 0, 0, 1, 99
"c:\Program Files (x86)\Steam\steamapps\common\The Binding of Isaac Rebirth\mods\GodmodeAchieved\resources\gfx\44_vengeance.anm2", "XML", 0, 537, 0, 0, 0, 1, 538
"c:\Program Files (x86)\Steam\steamapps\common\The Binding of Isaac Rebirth\mods\GodmodeAchieved\resources\gfx\45_callen_skull.anm2", "XML", 0, 335, 0, 0, 0, 1, 336
"c:\Program Files (x86)\Steam\steamapps\common\The Binding of Isaac Rebirth\mods\GodmodeAchieved\resources\gfx\4_trailer.anm2", "XML", 0, 126, 0, 0, 0, 1, 127
"c:\Program Files (x86)\Steam\steamapps\common\The Binding of Isaac Rebirth\mods\GodmodeAchieved\resources\gfx\500_ivory_palace_decorator.anm2", "XML", 0, 430, 0, 0, 0, 1, 431
"c:\Program Files (x86)\Steam\steamapps\common\The Binding of Isaac Rebirth\mods\GodmodeAchieved\resources\gfx\5_grub.anm2", "XML", 0, 169, 0, 0, 0, 1, 170
"c:\Program Files (x86)\Steam\steamapps\common\The Binding of Isaac Rebirth\mods\GodmodeAchieved\resources\gfx\6_cluster.anm2", "XML", 0, 169, 0, 0, 0, 1, 170
"c:\Program Files (x86)\Steam\steamapps\common\The Binding of Isaac Rebirth\mods\GodmodeAchieved\resources\gfx\7_harf.anm2", "XML", 0, 84, 0, 0, 0, 1, 85
"c:\Program Files (x86)\Steam\steamapps\common\The Binding of Isaac Rebirth\mods\GodmodeAchieved\resources\gfx\881.000_needle.anm2", "XML", 0, 232, 0, 0, 0, 1, 233
"c:\Program Files (x86)\Steam\steamapps\common\The Binding of Isaac Rebirth\mods\GodmodeAchieved\resources\gfx\881.001_pasty.anm2", "XML", 0, 228, 0, 0, 0, 1, 229
"c:\Program Files (x86)\Steam\steamapps\common\The Binding of Isaac Rebirth\mods\GodmodeAchieved\resources\gfx\8_purple_mask.anm2", "XML", 0, 108, 0, 0, 0, 1, 109
"c:\Program Files (x86)\Steam\steamapps\common\The Binding of Isaac Rebirth\mods\GodmodeAchieved\resources\gfx\9_headlicker.anm2", "XML", 0, 127, 0, 0, 0, 1, 128
"c:\Program Files (x86)\Steam\steamapps\common\The Binding of Isaac Rebirth\mods\GodmodeAchieved\resources\gfx\9_mum.anm2", "XML", 0, 145, 0, 0, 0, 1, 146
"c:\Program Files (x86)\Steam\steamapps\common\The Binding of Isaac Rebirth\mods\GodmodeAchieved\resources\gfx\achievements\achievements.anm2", "XML", 0, 244, 0, 0, 0, 1, 245
"c:\Program Files (x86)\Steam\steamapps\common\The Binding of Isaac Rebirth\mods\GodmodeAchieved\resources\gfx\achievements\unlocks.anm2", "XML", 0, 666, 0, 0, 0, 1, 667
"c:\Program Files (x86)\Steam\steamapps\common\The Binding of Isaac Rebirth\mods\GodmodeAchieved\resources\gfx\alt_death horse.anm2", "XML", 0, 57, 0, 0, 0, 1, 58
"c:\Program Files (x86)\Steam\steamapps\common\The Binding of Isaac Rebirth\mods\GodmodeAchieved\resources\gfx\alt_death without horse.anm2", "XML", 0, 187, 0, 0, 0, 1, 188
"c:\Program Files (x86)\Steam\steamapps\common\The Binding of Isaac Rebirth\mods\GodmodeAchieved\resources\gfx\alt_death.anm2", "XML", 0, 391, 0, 0, 0, 1, 392
"c:\Program Files (x86)\Steam\steamapps\common\The Binding of Isaac Rebirth\mods\GodmodeAchieved\resources\gfx\alt_famine.anm2", "XML", 0, 395, 0, 0, 0, 1, 396
"c:\Program Files (x86)\Steam\steamapps\common\The Binding of Isaac Rebirth\mods\GodmodeAchieved\resources\gfx\alt_pestilence.anm2", "XML", 0, 376, 0, 0, 0, 1, 377
"c:\Program Files (x86)\Steam\steamapps\common\The Binding of Isaac Rebirth\mods\GodmodeAchieved\resources\gfx\alt_war without horse.anm2", "XML", 0, 174, 0, 0, 0, 1, 175
"c:\Program Files (x86)\Steam\steamapps\common\The Binding of Isaac Rebirth\mods\GodmodeAchieved\resources\gfx\alt_war.anm2", "XML", 0, 380, 0, 0, 0, 1, 381
"c:\Program Files (x86)\Steam\steamapps\common\The Binding of Isaac Rebirth\mods\GodmodeAchieved\resources\gfx\anim_lucifertransition.anm2", "XML", 0, 43, 0, 0, 0, 1, 44
"c:\Program Files (x86)\Steam\steamapps\common\The Binding of Isaac Rebirth\mods\GodmodeAchieved\resources\gfx\anim_rewind.anm2", "XML", 0, 48, 0, 0, 0, 1, 49
"c:\Program Files (x86)\Steam\steamapps\common\The Binding of Isaac Rebirth\mods\GodmodeAchieved\resources\gfx\backdrop\Backdrop.anm2", "XML", 0, 709, 0, 0, 0, 1, 710
"c:\Program Files (x86)\Steam\steamapps\common\The Binding of Isaac Rebirth\mods\GodmodeAchieved\resources\gfx\backdrop\Overlay.anm2", "XML", 0, 39, 0, 0, 0, 1, 40
"c:\Program Files (x86)\Steam\steamapps\common\The Binding of Isaac Rebirth\mods\GodmodeAchieved\resources\gfx\backdrop\effect_error.anm2", "XML", 0, 62, 0, 0, 1, 0, 63
"c:\Program Files (x86)\Steam\steamapps\common\The Binding of Isaac Rebirth\mods\GodmodeAchieved\resources\gfx\backdrop\mega_satan_land.anm2", "XML", 0, 100, 0, 0, 0, 1, 101
"c:\Program Files (x86)\Steam\steamapps\common\The Binding of Isaac Rebirth\mods\GodmodeAchieved\resources\gfx\backdrop\mega_satan_land_alt.anm2", "XML", 0, 87, 0, 0, 0, 1, 88
"c:\Program Files (x86)\Steam\steamapps\common\The Binding of Isaac Rebirth\mods\GodmodeAchieved\resources\gfx\backdrop\observatory\observatory.anm2", "XML", 0, 368, 0, 0, 0, 1, 369
"c:\Program Files (x86)\Steam\steamapps\common\The Binding of Isaac Rebirth\mods\GodmodeAchieved\resources\gfx\backdrop\voidoverlay.anm2", "XML", 0, 38, 0, 0, 0, 1, 39
"c:\Program Files (x86)\Steam\steamapps\common\The Binding of Isaac Rebirth\mods\GodmodeAchieved\resources\gfx\characters\thesign\sign_flame.anm2", "XML", 0, 32, 0, 0, 0, 1, 33
"c:\Program Files (x86)\Steam\steamapps\common\The Binding of Isaac Rebirth\mods\GodmodeAchieved\resources\gfx\costumes\arac_head.anm2", "XML", 0, 70, 0, 0, 0, 1, 71
"c:\Program Files (x86)\Steam\steamapps\common\The Binding of Isaac Rebirth\mods\GodmodeAchieved\resources\gfx\costumes\blood_pudding.anm2", "XML", 0, 70, 0, 0, 0, 1, 71
"c:\Program Files (x86)\Steam\steamapps\common\The Binding of Isaac Rebirth\mods\GodmodeAchieved\resources\gfx\costumes\celeste.anm2", "XML", 0, 162, 0, 0, 0, 1, 163
"c:\Program Files (x86)\Steam\steamapps\common\The Binding of Isaac Rebirth\mods\GodmodeAchieved\resources\gfx\costumes\celeste_collar.anm2", "XML", 0, 67, 0, 0, 0, 1, 68
"c:\Program Files (x86)\Steam\steamapps\common\The Binding of Isaac Rebirth\mods\GodmodeAchieved\resources\gfx\costumes\celeste_tail.anm2", "XML", 0, 102, 0, 0, 0, 1, 103
"c:\Program Files (x86)\Steam\steamapps\common\The Binding of Isaac Rebirth\mods\GodmodeAchieved\resources\gfx\costumes\chiggers_head.anm2", "XML", 0, 70, 0, 0, 0, 1, 71
"c:\Program Files (x86)\Steam\steamapps\common\The Binding of Isaac Rebirth\mods\GodmodeAchieved\resources\gfx\costumes\cyborg.anm2", "XML", 0, 174, 0, 0, 0, 1, 175
"c:\Program Files (x86)\Steam\steamapps\common\The Binding of Isaac Rebirth\mods\GodmodeAchieved\resources\gfx\costumes\divine_wrath.anm2", "XML", 0, 70, 0, 0, 0, 1, 71
"c:\Program Files (x86)\Steam\steamapps\common\The Binding of Isaac Rebirth\mods\GodmodeAchieved\resources\gfx\costumes\edible_soul.anm2", "XML", 0, 204, 0, 0, 0, 1, 205
"c:\Program Files (x86)\Steam\steamapps\common\The Binding of Isaac Rebirth\mods\GodmodeAchieved\resources\gfx\costumes\edible_soul_bodiless.anm2", "XML", 0, 122, 0, 0, 0, 1, 123
"c:\Program Files (x86)\Steam\steamapps\common\The Binding of Isaac Rebirth\mods\GodmodeAchieved\resources\gfx\costumes\elohim_beard.anm2", "XML", 0, 70, 0, 0, 0, 1, 71
"c:\Program Files (x86)\Steam\steamapps\common\The Binding of Isaac Rebirth\mods\GodmodeAchieved\resources\gfx\costumes\gangrene.anm2", "XML", 0, 156, 0, 0, 0, 1, 157
"c:\Program Files (x86)\Steam\steamapps\common\The Binding of Isaac Rebirth\mods\GodmodeAchieved\resources\gfx\costumes\gehazi_crown.anm2", "XML", 0, 70, 0, 0, 0, 1, 71
"c:\Program Files (x86)\Steam\steamapps\common\The Binding of Isaac Rebirth\mods\GodmodeAchieved\resources\gfx\costumes\head_base.anm2", "XML", 0, 70, 0, 0, 0, 0, 70
"c:\Program Files (x86)\Steam\steamapps\common\The Binding of Isaac Rebirth\mods\GodmodeAchieved\resources\gfx\costumes\heart_arrest.anm2", "XML", 0, 109, 0, 0, 0, 1, 110
"c:\Program Files (x86)\Steam\steamapps\common\The Binding of Isaac Rebirth\mods\GodmodeAchieved\resources\gfx\costumes\luc_wings.anm2", "XML", 0, 179, 0, 0, 0, 1, 180
"c:\Program Files (x86)\Steam\steamapps\common\The Binding of Isaac Rebirth\mods\GodmodeAchieved\resources\gfx\costumes\maxs_head_1.anm2", "XML", 0, 70, 0, 0, 0, 0, 70
"c:\Program Files (x86)\Steam\steamapps\common\The Binding of Isaac Rebirth\mods\GodmodeAchieved\resources\gfx\costumes\maxs_head_2.anm2", "XML", 0, 70, 0, 0, 0, 0, 70
"c:\Program Files (x86)\Steam\steamapps\common\The Binding of Isaac Rebirth\mods\GodmodeAchieved\resources\gfx\costumes\maxs_head_3.anm2", "XML", 0, 70, 0, 0, 0, 0, 70
"c:\Program Files (x86)\Steam\steamapps\common\The Binding of Isaac Rebirth\mods\GodmodeAchieved\resources\gfx\costumes\maxs_head_4.anm2", "XML", 0, 70, 0, 0, 0, 0, 70
"c:\Program Files (x86)\Steam\steamapps\common\The Binding of Isaac Rebirth\mods\GodmodeAchieved\resources\gfx\costumes\maxs_head_5.anm2", "XML", 0, 70, 0, 0, 0, 0, 70
"c:\Program Files (x86)\Steam\steamapps\common\The Binding of Isaac Rebirth\mods\GodmodeAchieved\resources\gfx\costumes\morphine.anm2", "XML", 0, 70, 0, 0, 0, 0, 70
"c:\Program Files (x86)\Steam\steamapps\common\The Binding of Isaac Rebirth\mods\GodmodeAchieved\resources\gfx\costumes\sign_wings.anm2", "XML", 0, 136, 0, 0, 0, 1, 137
"c:\Program Files (x86)\Steam\steamapps\common\The Binding of Isaac Rebirth\mods\GodmodeAchieved\resources\gfx\costumes\soft_serve.anm2", "XML", 0, 70, 0, 0, 0, 1, 71
"c:\Program Files (x86)\Steam\steamapps\common\The Binding of Isaac Rebirth\mods\GodmodeAchieved\resources\gfx\costumes\sugar.anm2", "XML", 0, 70, 0, 0, 0, 1, 71
"c:\Program Files (x86)\Steam\steamapps\common\The Binding of Isaac Rebirth\mods\GodmodeAchieved\resources\gfx\costumes\tainted_arac_head.anm2", "XML", 0, 70, 0, 0, 0, 1, 71
"c:\Program Files (x86)\Steam\steamapps\common\The Binding of Isaac Rebirth\mods\GodmodeAchieved\resources\gfx\costumes\tainted_elohim_beard.anm2", "XML", 0, 70, 0, 0, 0, 1, 71
"c:\Program Files (x86)\Steam\steamapps\common\The Binding of Isaac Rebirth\mods\GodmodeAchieved\resources\gfx\costumes\tramp_of_babylon.anm2", "XML", 0, 70, 0, 0, 0, 0, 70
"c:\Program Files (x86)\Steam\steamapps\common\The Binding of Isaac Rebirth\mods\GodmodeAchieved\resources\gfx\costumes\vessel.anm2", "XML", 0, 70, 0, 0, 0, 1, 71
"c:\Program Files (x86)\Steam\steamapps\common\The Binding of Isaac Rebirth\mods\GodmodeAchieved\resources\gfx\costumes\vessel_bloody.anm2", "XML", 0, 70, 0, 0, 0, 1, 71
"c:\Program Files (x86)\Steam\steamapps\common\The Binding of Isaac Rebirth\mods\GodmodeAchieved\resources\gfx\costumes\vessel_cracked.anm2", "XML", 0, 70, 0, 0, 0, 1, 71
"c:\Program Files (x86)\Steam\steamapps\common\The Binding of Isaac Rebirth\mods\GodmodeAchieved\resources\gfx\costumes\whoop_cough.anm2", "XML", 0, 70, 0, 0, 0, 1, 71
"c:\Program Files (x86)\Steam\steamapps\common\The Binding of Isaac Rebirth\mods\GodmodeAchieved\resources\gfx\costumes\xaphan_body_tainted - Copy.anm2", "XML", 0, 104, 0, 0, 0, 1, 105
"c:\Program Files (x86)\Steam\steamapps\common\The Binding of Isaac Rebirth\mods\GodmodeAchieved\resources\gfx\costumes\xaphan_body_tainted.anm2", "XML", 0, 83, 0, 0, 0, 1, 84
"c:\Program Files (x86)\Steam\steamapps\common\The Binding of Isaac Rebirth\mods\GodmodeAchieved\resources\gfx\costumes\xaphan_eyes_0.anm2", "XML", 0, 134, 0, 0, 0, 1, 135
"c:\Program Files (x86)\Steam\steamapps\common\The Binding of Isaac Rebirth\mods\GodmodeAchieved\resources\gfx\costumes\xaphan_eyes_1.anm2", "XML", 0, 134, 0, 0, 0, 1, 135
"c:\Program Files (x86)\Steam\steamapps\common\The Binding of Isaac Rebirth\mods\GodmodeAchieved\resources\gfx\costumes\xaphan_eyes_2.anm2", "XML", 0, 134, 0, 0, 0, 1, 135
"c:\Program Files (x86)\Steam\steamapps\common\The Binding of Isaac Rebirth\mods\GodmodeAchieved\resources\gfx\costumes\xaphan_eyes_3.anm2", "XML", 0, 134, 0, 0, 0, 1, 135
"c:\Program Files (x86)\Steam\steamapps\common\The Binding of Isaac Rebirth\mods\GodmodeAchieved\resources\gfx\costumes\xaphan_head.anm2", "XML", 0, 70, 0, 0, 0, 1, 71
"c:\Program Files (x86)\Steam\steamapps\common\The Binding of Isaac Rebirth\mods\GodmodeAchieved\resources\gfx\costumes\xaphan_head_tainted.anm2", "XML", 0, 70, 0, 0, 0, 1, 71
"c:\Program Files (x86)\Steam\steamapps\common\The Binding of Isaac Rebirth\mods\GodmodeAchieved\resources\gfx\effect_adra_champ.anm2", "XML", 0, 97, 0, 0, 0, 1, 98
"c:\Program Files (x86)\Steam\steamapps\common\The Binding of Isaac Rebirth\mods\GodmodeAchieved\resources\gfx\effect_adra_fury_champ.anm2", "XML", 0, 66, 0, 0, 0, 1, 67
"c:\Program Files (x86)\Steam\steamapps\common\The Binding of Isaac Rebirth\mods\GodmodeAchieved\resources\gfx\effect_aztec_shield.anm2", "XML", 0, 135, 0, 0, 0, 1, 136
"c:\Program Files (x86)\Steam\steamapps\common\The Binding of Isaac Rebirth\mods\GodmodeAchieved\resources\gfx\effect_bone_shield.anm2", "XML", 0, 135, 0, 0, 0, 1, 136
"c:\Program Files (x86)\Steam\steamapps\common\The Binding of Isaac Rebirth\mods\GodmodeAchieved\resources\gfx\effect_cat_swipe.anm2", "XML", 0, 37, 0, 0, 0, 1, 38
"c:\Program Files (x86)\Steam\steamapps\common\The Binding of Isaac Rebirth\mods\GodmodeAchieved\resources\gfx\effect_delirious_energy.anm2", "XML", 0, 47, 0, 0, 0, 1, 48
"c:\Program Files (x86)\Steam\steamapps\common\The Binding of Isaac Rebirth\mods\GodmodeAchieved\resources\gfx\effect_duster.anm2", "XML", 0, 43, 0, 0, 0, 1, 44
"c:\Program Files (x86)\Steam\steamapps\common\The Binding of Isaac Rebirth\mods\GodmodeAchieved\resources\gfx\effect_fallenlight_crack.anm2", "XML", 0, 44, 0, 0, 0, 1, 45
"c:\Program Files (x86)\Steam\steamapps\common\The Binding of Isaac Rebirth\mods\GodmodeAchieved\resources\gfx\effect_hand_of_god.anm2", "XML", 0, 67, 0, 0, 0, 1, 68
"c:\Program Files (x86)\Steam\steamapps\common\The Binding of Isaac Rebirth\mods\GodmodeAchieved\resources\gfx\effect_holy_order.anm2", "XML", 0, 162, 0, 0, 0, 1, 163
"c:\Program Files (x86)\Steam\steamapps\common\The Binding of Isaac Rebirth\mods\GodmodeAchieved\resources\gfx\effect_hushcannon.anm2", "XML", 0, 205, 0, 0, 0, 1, 206
"c:\Program Files (x86)\Steam\steamapps\common\The Binding of Isaac Rebirth\mods\GodmodeAchieved\resources\gfx\effect_hushcannon_down.anm2", "XML", 0, 212, 0, 0, 0, 1, 213
"c:\Program Files (x86)\Steam\steamapps\common\The Binding of Isaac Rebirth\mods\GodmodeAchieved\resources\gfx\effect_prayer_glow.anm2", "XML", 0, 51, 0, 0, 0, 1, 52
"c:\Program Files (x86)\Steam\steamapps\common\The Binding of Isaac Rebirth\mods\GodmodeAchieved\resources\gfx\effect_shattercoin.anm2", "XML", 0, 73, 0, 0, 0, 1, 74
"c:\Program Files (x86)\Steam\steamapps\common\The Binding of Isaac Rebirth\mods\GodmodeAchieved\resources\gfx\effect_soft_serve_puddle.anm2", "XML", 0, 117, 0, 0, 0, 1, 118
"c:\Program Files (x86)\Steam\steamapps\common\The Binding of Isaac Rebirth\mods\GodmodeAchieved\resources\gfx\effect_unholy_order.anm2", "XML", 0, 162, 0, 0, 0, 1, 163
"c:\Program Files (x86)\Steam\steamapps\common\The Binding of Isaac Rebirth\mods\GodmodeAchieved\resources\gfx\effect_war_banner.anm2", "XML", 0, 153, 0, 0, 0, 1, 154
"c:\Program Files (x86)\Steam\steamapps\common\The Binding of Isaac Rebirth\mods\GodmodeAchieved\resources\gfx\extra_godmode_pfp.anm2", "XML", 0, 413, 0, 0, 0, 1, 414
"c:\Program Files (x86)\Steam\steamapps\common\The Binding of Isaac Rebirth\mods\GodmodeAchieved\resources\gfx\famil_burntpage.anm2", "XML", 0, 40, 0, 0, 0, 1, 41
"c:\Program Files (x86)\Steam\steamapps\common\The Binding of Isaac Rebirth\mods\GodmodeAchieved\resources\gfx\famil_chigger.anm2", "XML", 0, 50, 0, 0, 0, 1, 51
"c:\Program Files (x86)\Steam\steamapps\common\The Binding of Isaac Rebirth\mods\GodmodeAchieved\resources\gfx\famil_diya.anm2", "XML", 0, 65, 0, 0, 0, 1, 66
"c:\Program Files (x86)\Steam\steamapps\common\The Binding of Isaac Rebirth\mods\GodmodeAchieved\resources\gfx\famil_fallen_guard.anm2", "XML", 0, 36, 0, 0, 0, 1, 37
"c:\Program Files (x86)\Steam\steamapps\common\The Binding of Isaac Rebirth\mods\GodmodeAchieved\resources\gfx\famil_fruitfly.anm2", "XML", 0, 304, 0, 0, 0, 1, 305
"c:\Program Files (x86)\Steam\steamapps\common\The Binding of Isaac Rebirth\mods\GodmodeAchieved\resources\gfx\famil_holychalice.anm2", "XML", 0, 101, 0, 0, 0, 1, 102
"c:\Program Files (x86)\Steam\steamapps\common\The Binding of Isaac Rebirth\mods\GodmodeAchieved\resources\gfx\famil_late_delivery.anm2", "XML", 0, 226, 0, 0, 0, 1, 227
"c:\Program Files (x86)\Steam\steamapps\common\The Binding of Isaac Rebirth\mods\GodmodeAchieved\resources\gfx\famil_pairofcans.anm2", "XML", 0, 39, 0, 0, 0, 1, 40
"c:\Program Files (x86)\Steam\steamapps\common\The Binding of Isaac Rebirth\mods\GodmodeAchieved\resources\gfx\famil_parrot.anm2", "XML", 0, 516, 0, 0, 0, 1, 517
"c:\Program Files (x86)\Steam\steamapps\common\The Binding of Isaac Rebirth\mods\GodmodeAchieved\resources\gfx\famil_ritual_candle.anm2", "XML", 0, 147, 0, 0, 0, 1, 148
"c:\Program Files (x86)\Steam\steamapps\common\The Binding of Isaac Rebirth\mods\GodmodeAchieved\resources\gfx\grid\door_01_normaldoor.anm2", "XML", 0, 896, 0, 0, 0, 1, 897
"c:\Program Files (x86)\Steam\steamapps\common\The Binding of Isaac Rebirth\mods\GodmodeAchieved\resources\gfx\grid\door_07_devilroomdoor.anm2", "XML", 0, 512, 0, 0, 0, 1, 513
"c:\Program Files (x86)\Steam\steamapps\common\The Binding of Isaac Rebirth\mods\GodmodeAchieved\resources\gfx\grid\door_hazards.anm2", "XML", 0, 321, 0, 0, 0, 1, 322
"c:\Program Files (x86)\Steam\steamapps\common\The Binding of Isaac Rebirth\mods\GodmodeAchieved\resources\gfx\grid\dynamite_rock.anm2", "XML", 0, 32, 0, 0, 0, 1, 33
"c:\Program Files (x86)\Steam\steamapps\common\The Binding of Isaac Rebirth\mods\GodmodeAchieved\resources\gfx\grid\elohim_throne.anm2", "XML", 0, 44, 0, 0, 0, 1, 45
"c:\Program Files (x86)\Steam\steamapps\common\The Binding of Isaac Rebirth\mods\GodmodeAchieved\resources\gfx\grid\fatal_attraction.anm2", "XML", 0, 46, 0, 0, 0, 1, 47
"c:\Program Files (x86)\Steam\steamapps\common\The Binding of Isaac Rebirth\mods\GodmodeAchieved\resources\gfx\grid\fragment_hints.anm2", "XML", 0, 29, 0, 0, 0, 1, 30
"c:\Program Files (x86)\Steam\steamapps\common\The Binding of Isaac Rebirth\mods\GodmodeAchieved\resources\gfx\grid\intestines_flies.anm2", "XML", 0, 77, 0, 0, 0, 1, 78
"c:\Program Files (x86)\Steam\steamapps\common\The Binding of Isaac Rebirth\mods\GodmodeAchieved\resources\gfx\grid\luc\doors\door_10_bossroomdoor.anm2", "XML", 0, 514, 0, 0, 0, 1, 515
"c:\Program Files (x86)\Steam\steamapps\common\The Binding of Isaac Rebirth\mods\GodmodeAchieved\resources\gfx\grid\luc\palace_mural.anm2", "XML", 0, 51, 0, 0, 0, 1, 52
"c:\Program Files (x86)\Steam\steamapps\common\The Binding of Isaac Rebirth\mods\GodmodeAchieved\resources\gfx\grid\luc\props_10_cathedral.anm2", "XML", 0, 545, 0, 0, 0, 1, 546
"c:\Program Files (x86)\Steam\steamapps\common\The Binding of Isaac Rebirth\mods\GodmodeAchieved\resources\gfx\grid\luc\secret_plate.anm2", "XML", 0, 27, 0, 0, 0, 1, 28
"c:\Program Files (x86)\Steam\steamapps\common\The Binding of Isaac Rebirth\mods\GodmodeAchieved\resources\gfx\grid\mask_statue.anm2", "XML", 0, 189, 0, 0, 0, 1, 190
"c:\Program Files (x86)\Steam\steamapps\common\The Binding of Isaac Rebirth\mods\GodmodeAchieved\resources\gfx\grid\observatory_door.anm2", "XML", 0, 760, 0, 0, 0, 1, 761
"c:\Program Files (x86)\Steam\steamapps\common\The Binding of Isaac Rebirth\mods\GodmodeAchieved\resources\gfx\grid\observatory_flames.anm2", "XML", 0, 749, 0, 0, 0, 1, 750
"c:\Program Files (x86)\Steam\steamapps\common\The Binding of Isaac Rebirth\mods\GodmodeAchieved\resources\gfx\grid\scale.anm2", "XML", 0, 72, 0, 0, 0, 1, 73
"c:\Program Files (x86)\Steam\steamapps\common\The Binding of Isaac Rebirth\mods\GodmodeAchieved\resources\gfx\grid_bomb_barrel.anm2", "XML", 0, 55, 0, 0, 0, 1, 56
"c:\Program Files (x86)\Steam\steamapps\common\The Binding of Isaac Rebirth\mods\GodmodeAchieved\resources\gfx\grid_candle.anm2", "XML", 0, 250, 0, 0, 0, 1, 251
"c:\Program Files (x86)\Steam\steamapps\common\The Binding of Isaac Rebirth\mods\GodmodeAchieved\resources\gfx\grid_lucifer_portal.anm2", "XML", 0, 105, 0, 0, 0, 1, 106
"c:\Program Files (x86)\Steam\steamapps\common\The Binding of Isaac Rebirth\mods\GodmodeAchieved\resources\gfx\grid_ooze_turret.anm2", "XML", 0, 65, 0, 0, 0, 1, 66
"c:\Program Files (x86)\Steam\steamapps\common\The Binding of Isaac Rebirth\mods\GodmodeAchieved\resources\gfx\grid_papal_flame.anm2", "XML", 0, 146, 0, 0, 0, 1, 147
"c:\Program Files (x86)\Steam\steamapps\common\The Binding of Isaac Rebirth\mods\GodmodeAchieved\resources\gfx\grid_sacrifice.anm2", "XML", 0, 169, 0, 0, 0, 1, 170
"c:\Program Files (x86)\Steam\steamapps\common\The Binding of Isaac Rebirth\mods\GodmodeAchieved\resources\gfx\grid_stone_beggar_bomb.anm2", "XML", 0, 112, 0, 0, 0, 1, 113
"c:\Program Files (x86)\Steam\steamapps\common\The Binding of Isaac Rebirth\mods\GodmodeAchieved\resources\gfx\grid_stone_beggar_coin.anm2", "XML", 0, 112, 0, 0, 0, 1, 113
"c:\Program Files (x86)\Steam\steamapps\common\The Binding of Isaac Rebirth\mods\GodmodeAchieved\resources\gfx\grid_stone_beggar_key.anm2", "XML", 0, 256, 0, 0, 0, 1, 257
"c:\Program Files (x86)\Steam\steamapps\common\The Binding of Isaac Rebirth\mods\GodmodeAchieved\resources\gfx\grid_stone_beggar_timer.anm2", "XML", 0, 206, 0, 0, 0, 1, 207
"c:\Program Files (x86)\Steam\steamapps\common\The Binding of Isaac Rebirth\mods\GodmodeAchieved\resources\gfx\mach_pill_beggar.anm2", "XML", 0, 212, 0, 0, 0, 1, 213
"c:\Program Files (x86)\Steam\steamapps\common\The Binding of Isaac Rebirth\mods\GodmodeAchieved\resources\gfx\mach_unlock_pedestal.anm2", "XML", 0, 89, 0, 0, 0, 1, 90
"c:\Program Files (x86)\Steam\steamapps\common\The Binding of Isaac Rebirth\mods\GodmodeAchieved\resources\gfx\monsters\3_dream.anm2", "XML", 0, 275, 0, 0, 0, 1, 276
"c:\Program Files (x86)\Steam\steamapps\common\The Binding of Isaac Rebirth\mods\GodmodeAchieved\resources\gfx\pickup_fruit_apple.anm2", "XML", 0, 89, 0, 0, 0, 1, 90
"c:\Program Files (x86)\Steam\steamapps\common\The Binding of Isaac Rebirth\mods\GodmodeAchieved\resources\gfx\pickup_fruit_banana.anm2", "XML", 0, 89, 0, 0, 0, 1, 90
"c:\Program Files (x86)\Steam\steamapps\common\The Binding of Isaac Rebirth\mods\GodmodeAchieved\resources\gfx\pickup_fruit_grape.anm2", "XML", 0, 89, 0, 0, 0, 1, 90
"c:\Program Files (x86)\Steam\steamapps\common\The Binding of Isaac Rebirth\mods\GodmodeAchieved\resources\gfx\pickup_fruit_kiwi.anm2", "XML", 0, 89, 0, 0, 0, 1, 90
"c:\Program Files (x86)\Steam\steamapps\common\The Binding of Isaac Rebirth\mods\GodmodeAchieved\resources\gfx\pickup_fruit_orange.anm2", "XML", 0, 89, 0, 0, 0, 1, 90
"c:\Program Files (x86)\Steam\steamapps\common\The Binding of Isaac Rebirth\mods\GodmodeAchieved\resources\gfx\pickup_heart_container.anm2", "XML", 0, 97, 0, 0, 0, 1, 98
"c:\Program Files (x86)\Steam\steamapps\common\The Binding of Isaac Rebirth\mods\GodmodeAchieved\resources\gfx\pickup_pile_of_keys_2.anm2", "XML", 0, 161, 0, 0, 0, 1, 162
"c:\Program Files (x86)\Steam\steamapps\common\The Binding of Isaac Rebirth\mods\GodmodeAchieved\resources\gfx\pickup_pile_of_keys_3.anm2", "XML", 0, 161, 0, 0, 0, 1, 162
"c:\Program Files (x86)\Steam\steamapps\common\The Binding of Isaac Rebirth\mods\GodmodeAchieved\resources\gfx\pickup_pile_of_keys_4.anm2", "XML", 0, 161, 0, 0, 0, 1, 162
"c:\Program Files (x86)\Steam\steamapps\common\The Binding of Isaac Rebirth\mods\GodmodeAchieved\resources\gfx\pickup_pile_of_keys_5.anm2", "XML", 0, 161, 0, 0, 0, 1, 162
"c:\Program Files (x86)\Steam\steamapps\common\The Binding of Isaac Rebirth\mods\GodmodeAchieved\resources\gfx\pickup_pile_of_keys_6.anm2", "XML", 0, 161, 0, 0, 0, 1, 162
"c:\Program Files (x86)\Steam\steamapps\common\The Binding of Isaac Rebirth\mods\GodmodeAchieved\resources\gfx\pickup_pile_of_keys_7.anm2", "XML", 0, 161, 0, 0, 0, 1, 162
"c:\Program Files (x86)\Steam\steamapps\common\The Binding of Isaac Rebirth\mods\GodmodeAchieved\resources\gfx\pickup_pile_of_keys_8.anm2", "XML", 0, 161, 0, 0, 0, 1, 162
"c:\Program Files (x86)\Steam\steamapps\common\The Binding of Isaac Rebirth\mods\GodmodeAchieved\resources\gfx\pickup_redcoin.anm2", "XML", 0, 105, 0, 0, 0, 1, 106
"c:\Program Files (x86)\Steam\steamapps\common\The Binding of Isaac Rebirth\mods\GodmodeAchieved\resources\gfx\pickup_secret_light.anm2", "XML", 0, 70, 0, 0, 0, 1, 71
"c:\Program Files (x86)\Steam\steamapps\common\The Binding of Isaac Rebirth\mods\GodmodeAchieved\resources\gfx\pickup_streamoc.anm2", "XML", 0, 133, 0, 0, 0, 1, 134
"c:\Program Files (x86)\Steam\steamapps\common\The Binding of Isaac Rebirth\mods\GodmodeAchieved\resources\gfx\pickup_torn_page.anm2", "XML", 0, 158, 0, 0, 0, 1, 159
"c:\Program Files (x86)\Steam\steamapps\common\The Binding of Isaac Rebirth\mods\GodmodeAchieved\resources\gfx\proj_grapes.anm2", "XML", 0, 567, 0, 0, 0, 1, 568
"c:\Program Files (x86)\Steam\steamapps\common\The Binding of Isaac Rebirth\mods\GodmodeAchieved\resources\gfx\tear_brainworm.anm2", "XML", 0, 171, 0, 0, 0, 1, 172
"c:\Program Files (x86)\Steam\steamapps\common\The Binding of Isaac Rebirth\mods\GodmodeAchieved\resources\gfx\tear_opia.anm2", "XML", 0, 353, 0, 0, 0, 1, 354
"c:\Program Files (x86)\Steam\steamapps\common\The Binding of Isaac Rebirth\mods\GodmodeAchieved\resources\gfx\ui\boss\god_versusscreen.anm2", "XML", 0, 250, 0, 0, 0, 1, 251
"c:\Program Files (x86)\Steam\steamapps\common\The Binding of Isaac Rebirth\mods\GodmodeAchieved\resources\gfx\ui\chargebar.anm2", "XML", 0, 163, 0, 0, 0, 1, 164
"c:\Program Files (x86)\Steam\steamapps\common\The Binding of Isaac Rebirth\mods\GodmodeAchieved\resources\gfx\ui\eid_transformations.anm2", "XML", 0, 63, 0, 0, 0, 1, 64
"c:\Program Files (x86)\Steam\steamapps\common\The Binding of Isaac Rebirth\mods\GodmodeAchieved\resources\gfx\ui\ending\ending.anm2", "XML", 0, 1224, 0, 0, 0, 1, 1225
"c:\Program Files (x86)\Steam\steamapps\common\The Binding of Isaac Rebirth\mods\GodmodeAchieved\resources\gfx\ui\main menu\encyc_portraits.anm2", "XML", 0, 89, 0, 0, 0, 1, 90
"c:\Program Files (x86)\Steam\steamapps\common\The Binding of Isaac Rebirth\mods\GodmodeAchieved\resources\gfx\ui\main menu\encyc_portraits_alt.anm2", "XML", 0, 88, 0, 0, 0, 1, 89
"c:\Program Files (x86)\Steam\steamapps\common\The Binding of Isaac Rebirth\mods\GodmodeAchieved\resources\gfx\ui\main menu\titlemenu.anm2", "XML", 0, 214, 0, 0, 0, 1, 215
"c:\Program Files (x86)\Steam\steamapps\common\The Binding of Isaac Rebirth\mods\GodmodeAchieved\resources\gfx\ui\main menu\titlemenu_old.anm2", "XML", 0, 277, 0, 0, 0, 1, 278
"c:\Program Files (x86)\Steam\steamapps\common\The Binding of Isaac Rebirth\mods\GodmodeAchieved\resources\gfx\ui\ui_cotv.anm2", "XML", 0, 192, 0, 0, 0, 1, 193
"c:\Program Files (x86)\Steam\steamapps\common\The Binding of Isaac Rebirth\mods\GodmodeAchieved\resources\gfx\ui\ui_streak.anm2", "XML", 0, 149, 0, 0, 0, 1, 150
"c:\Program Files (x86)\Steam\steamapps\common\The Binding of Isaac Rebirth\mods\GodmodeAchieved\resources\rooms\00.special rooms.xml", "XML", 0, 98433, 0, 0, 0, 1, 98434
"c:\Program Files (x86)\Steam\steamapps\common\The Binding of Isaac Rebirth\mods\GodmodeAchieved\resources\rooms\bossrooms.lua", "Lua", 2481, 0, 0, 0, 0, 1, 2482
"c:\Program Files (x86)\Steam\steamapps\common\The Binding of Isaac Rebirth\mods\GodmodeAchieved\resources\rooms\bossrooms.xml", "XML", 0, 2481, 0, 0, 0, 1, 2482
"c:\Program Files (x86)\Steam\steamapps\common\The Binding of Isaac Rebirth\mods\GodmodeAchieved\resources\rooms\fruit_cellar\boss_challenge_waves.lua", "Lua", 60, 0, 0, 0, 0, 1, 61
"c:\Program Files (x86)\Steam\steamapps\common\The Binding of Isaac Rebirth\mods\GodmodeAchieved\resources\rooms\fruit_cellar\boss_challenge_waves.xml", "XML", 0, 60, 0, 0, 0, 1, 61
"c:\Program Files (x86)\Steam\steamapps\common\The Binding of Isaac Rebirth\mods\GodmodeAchieved\resources\rooms\fruit_cellar\bosses\bulgebat.lua", "Lua", 474, 0, 0, 0, 0, 1, 475
"c:\Program Files (x86)\Steam\steamapps\common\The Binding of Isaac Rebirth\mods\GodmodeAchieved\resources\rooms\fruit_cellar\bosses\bulgebat.xml", "XML", 0, 474, 0, 0, 0, 1, 475
"c:\Program Files (x86)\Steam\steamapps\common\The Binding of Isaac Rebirth\mods\GodmodeAchieved\resources\rooms\fruit_cellar\bosses\dingle.lua", "Lua", 375, 0, 0, 0, 0, 1, 376
"c:\Program Files (x86)\Steam\steamapps\common\The Binding of Isaac Rebirth\mods\GodmodeAchieved\resources\rooms\fruit_cellar\bosses\dingle.xml", "XML", 0, 375, 0, 0, 0, 1, 376
"c:\Program Files (x86)\Steam\steamapps\common\The Binding of Isaac Rebirth\mods\GodmodeAchieved\resources\rooms\fruit_cellar\bosses\dukeofflies.lua", "Lua", 171, 0, 0, 0, 0, 1, 172
"c:\Program Files (x86)\Steam\steamapps\common\The Binding of Isaac Rebirth\mods\GodmodeAchieved\resources\rooms\fruit_cellar\bosses\dukeofflies.xml", "XML", 0, 171, 0, 0, 0, 1, 172
"c:\Program Files (x86)\Steam\steamapps\common\The Binding of Isaac Rebirth\mods\GodmodeAchieved\resources\rooms\fruit_cellar\bosses\famine.lua", "Lua", 438, 0, 0, 0, 0, 1, 439
"c:\Program Files (x86)\Steam\steamapps\common\The Binding of Isaac Rebirth\mods\GodmodeAchieved\resources\rooms\fruit_cellar\bosses\famine.xml", "XML", 0, 438, 0, 0, 0, 1, 439
"c:\Program Files (x86)\Steam\steamapps\common\The Binding of Isaac Rebirth\mods\GodmodeAchieved\resources\rooms\fruit_cellar\bosses\littlehorn.lua", "Lua", 522, 0, 0, 0, 0, 1, 523
"c:\Program Files (x86)\Steam\steamapps\common\The Binding of Isaac Rebirth\mods\GodmodeAchieved\resources\rooms\fruit_cellar\bosses\littlehorn.xml", "XML", 0, 522, 0, 0, 0, 1, 523
"c:\Program Files (x86)\Steam\steamapps\common\The Binding of Isaac Rebirth\mods\GodmodeAchieved\resources\rooms\fruit_cellar\bosses\megaworm.lua", "Lua", 640, 0, 0, 0, 0, 1, 641
"c:\Program Files (x86)\Steam\steamapps\common\The Binding of Isaac Rebirth\mods\GodmodeAchieved\resources\rooms\fruit_cellar\bosses\megaworm.xml", "XML", 0, 640, 0, 0, 0, 1, 641
"c:\Program Files (x86)\Steam\steamapps\common\The Binding of Isaac Rebirth\mods\GodmodeAchieved\resources\rooms\fruit_cellar\bosses\monstro.lua", "Lua", 177, 0, 0, 0, 0, 1, 178
"c:\Program Files (x86)\Steam\steamapps\common\The Binding of Isaac Rebirth\mods\GodmodeAchieved\resources\rooms\fruit_cellar\bosses\monstro.xml", "XML", 0, 177, 0, 0, 0, 1, 178
"c:\Program Files (x86)\Steam\steamapps\common\The Binding of Isaac Rebirth\mods\GodmodeAchieved\resources\rooms\fruit_cellar\bosses\pin.lua", "Lua", 168, 0, 0, 0, 0, 1, 169
"c:\Program Files (x86)\Steam\steamapps\common\The Binding of Isaac Rebirth\mods\GodmodeAchieved\resources\rooms\fruit_cellar\bosses\pin.xml", "XML", 0, 168, 0, 0, 0, 1, 169
"c:\Program Files (x86)\Steam\steamapps\common\The Binding of Isaac Rebirth\mods\GodmodeAchieved\resources\rooms\fruit_cellar\bosses\widow.lua", "Lua", 204, 0, 0, 0, 0, 1, 205
"c:\Program Files (x86)\Steam\steamapps\common\The Binding of Isaac Rebirth\mods\GodmodeAchieved\resources\rooms\fruit_cellar\bosses\widow.xml", "XML", 0, 204, 0, 0, 0, 1, 205
"c:\Program Files (x86)\Steam\steamapps\common\The Binding of Isaac Rebirth\mods\GodmodeAchieved\resources\rooms\fruit_cellar\bossrooms.lua", "Lua", 889, 0, 0, 0, 0, 7, 896
"c:\Program Files (x86)\Steam\steamapps\common\The Binding of Isaac Rebirth\mods\GodmodeAchieved\resources\rooms\fruit_cellar\challenge_waves.lua", "Lua", 231, 0, 0, 0, 0, 1, 232
"c:\Program Files (x86)\Steam\steamapps\common\The Binding of Isaac Rebirth\mods\GodmodeAchieved\resources\rooms\fruit_cellar\challenge_waves.xml", "XML", 0, 231, 0, 0, 0, 1, 232
"c:\Program Files (x86)\Steam\steamapps\common\The Binding of Isaac Rebirth\mods\GodmodeAchieved\resources\rooms\fruit_cellar\fruitcellar_rooms.lua", "Lua", 41814, 0, 0, 0, 0, 1, 41815
"c:\Program Files (x86)\Steam\steamapps\common\The Binding of Isaac Rebirth\mods\GodmodeAchieved\resources\rooms\fruit_cellar\fruitcellar_rooms.xml", "XML", 0, 41814, 0, 0, 0, 1, 41815
"c:\Program Files (x86)\Steam\steamapps\common\The Binding of Isaac Rebirth\mods\GodmodeAchieved\resources\rooms\fruit_cellar\god_fruitcellar.lua", "Lua", 30793, 0, 0, 0, 0, 1, 30794
"c:\Program Files (x86)\Steam\steamapps\common\The Binding of Isaac Rebirth\mods\GodmodeAchieved\resources\rooms\fruit_cellar\secret_exit.lua", "Lua", 84, 0, 0, 0, 0, 1, 85
"c:\Program Files (x86)\Steam\steamapps\common\The Binding of Isaac Rebirth\mods\GodmodeAchieved\resources\rooms\fruit_cellar\secret_exit.xml", "XML", 0, 84, 0, 0, 0, 1, 85
"c:\Program Files (x86)\Steam\steamapps\common\The Binding of Isaac Rebirth\mods\GodmodeAchieved\resources\rooms\god_palaceboss.lua", "Lua", 11, 0, 0, 0, 0, 1, 12
"c:\Program Files (x86)\Steam\steamapps\common\The Binding of Isaac Rebirth\mods\GodmodeAchieved\resources\rooms\intestines\boss_challenge_waves.lua", "Lua", 84, 0, 0, 0, 0, 1, 85
"c:\Program Files (x86)\Steam\steamapps\common\The Binding of Isaac Rebirth\mods\GodmodeAchieved\resources\rooms\intestines\boss_challenge_waves.xml", "XML", 0, 84, 0, 0, 0, 1, 85
"c:\Program Files (x86)\Steam\steamapps\common\The Binding of Isaac Rebirth\mods\GodmodeAchieved\resources\rooms\intestines\bosses\bowl_play.lua", "Lua", 673, 0, 0, 0, 0, 1, 674
"c:\Program Files (x86)\Steam\steamapps\common\The Binding of Isaac Rebirth\mods\GodmodeAchieved\resources\rooms\intestines\bosses\bowl_play.xml", "XML", 0, 673, 0, 0, 0, 1, 674
"c:\Program Files (x86)\Steam\steamapps\common\The Binding of Isaac Rebirth\mods\GodmodeAchieved\resources\rooms\intestines\bosses\brownie.lua", "Lua", 222, 0, 0, 0, 0, 1, 223
"c:\Program Files (x86)\Steam\steamapps\common\The Binding of Isaac Rebirth\mods\GodmodeAchieved\resources\rooms\intestines\bosses\brownie.xml", "XML", 0, 222, 0, 0, 0, 1, 223
"c:\Program Files (x86)\Steam\steamapps\common\The Binding of Isaac Rebirth\mods\GodmodeAchieved\resources\rooms\intestines\bosses\death.lua", "Lua", 207, 0, 0, 0, 0, 1, 208
"c:\Program Files (x86)\Steam\steamapps\common\The Binding of Isaac Rebirth\mods\GodmodeAchieved\resources\rooms\intestines\bosses\death.xml", "XML", 0, 207, 0, 0, 0, 1, 208
"c:\Program Files (x86)\Steam\steamapps\common\The Binding of Isaac Rebirth\mods\GodmodeAchieved\resources\rooms\intestines\bosses\dingdang.lua", "Lua", 207, 0, 0, 0, 0, 1, 208
"c:\Program Files (x86)\Steam\steamapps\common\The Binding of Isaac Rebirth\mods\GodmodeAchieved\resources\rooms\intestines\bosses\dingdang.xml", "XML", 0, 207, 0, 0, 0, 1, 208
"c:\Program Files (x86)\Steam\steamapps\common\The Binding of Isaac Rebirth\mods\GodmodeAchieved\resources\rooms\intestines\bosses\hostess.lua", "Lua", 302, 0, 0, 0, 0, 1, 303
"c:\Program Files (x86)\Steam\steamapps\common\The Binding of Isaac Rebirth\mods\GodmodeAchieved\resources\rooms\intestines\bosses\hostess.xml", "XML", 0, 302, 0, 0, 0, 1, 303
"c:\Program Files (x86)\Steam\steamapps\common\The Binding of Isaac Rebirth\mods\GodmodeAchieved\resources\rooms\intestines\bosses\mamagurdy.lua", "Lua", 48, 0, 0, 0, 0, 1, 49
"c:\Program Files (x86)\Steam\steamapps\common\The Binding of Isaac Rebirth\mods\GodmodeAchieved\resources\rooms\intestines\bosses\mamagurdy.xml", "XML", 0, 48, 0, 0, 0, 1, 49
"c:\Program Files (x86)\Steam\steamapps\common\The Binding of Isaac Rebirth\mods\GodmodeAchieved\resources\rooms\intestines\bosses\teratula.lua", "Lua", 327, 0, 0, 0, 0, 1, 328
"c:\Program Files (x86)\Steam\steamapps\common\The Binding of Isaac Rebirth\mods\GodmodeAchieved\resources\rooms\intestines\bosses\teratula.xml", "XML", 0, 327, 0, 0, 0, 1, 328
"c:\Program Files (x86)\Steam\steamapps\common\The Binding of Isaac Rebirth\mods\GodmodeAchieved\resources\rooms\intestines\bossrooms.lua", "Lua", 1453, 0, 0, 0, 0, 1, 1454
"c:\Program Files (x86)\Steam\steamapps\common\The Binding of Isaac Rebirth\mods\GodmodeAchieved\resources\rooms\intestines\challenge_waves.lua", "Lua", 288, 0, 0, 0, 0, 1, 289
"c:\Program Files (x86)\Steam\steamapps\common\The Binding of Isaac Rebirth\mods\GodmodeAchieved\resources\rooms\intestines\challenge_waves.xml", "XML", 0, 288, 0, 0, 0, 1, 289
"c:\Program Files (x86)\Steam\steamapps\common\The Binding of Isaac Rebirth\mods\GodmodeAchieved\resources\rooms\intestines\intestines_rooms.lua", "Lua", 41793, 0, 0, 0, 0, 1, 41794
"c:\Program Files (x86)\Steam\steamapps\common\The Binding of Isaac Rebirth\mods\GodmodeAchieved\resources\rooms\intestines\intestines_rooms.xml", "XML", 0, 41793, 0, 0, 0, 1, 41794
"c:\Program Files (x86)\Steam\steamapps\common\The Binding of Isaac Rebirth\mods\GodmodeAchieved\resources\rooms\intestines\it_breathes_fight.lua", "Lua", 13, 0, 0, 0, 0, 1, 14
"c:\Program Files (x86)\Steam\steamapps\common\The Binding of Isaac Rebirth\mods\GodmodeAchieved\resources\rooms\luc\boss_challenge_waves.lua", "Lua", 57, 0, 0, 0, 0, 1, 58
"c:\Program Files (x86)\Steam\steamapps\common\The Binding of Isaac Rebirth\mods\GodmodeAchieved\resources\rooms\luc\boss_challenge_waves.xml", "XML", 0, 57, 0, 0, 0, 1, 58
"c:\Program Files (x86)\Steam\steamapps\common\The Binding of Isaac Rebirth\mods\GodmodeAchieved\resources\rooms\luc\bossroom.lua", "Lua", 24, 0, 0, 0, 0, 1, 25
"c:\Program Files (x86)\Steam\steamapps\common\The Binding of Isaac Rebirth\mods\GodmodeAchieved\resources\rooms\luc\bossroom.xml", "XML", 0, 24, 0, 0, 0, 1, 25
"c:\Program Files (x86)\Steam\steamapps\common\The Binding of Isaac Rebirth\mods\GodmodeAchieved\resources\rooms\luc\challenge_waves.lua", "Lua", 246, 0, 0, 0, 0, 1, 247
"c:\Program Files (x86)\Steam\steamapps\common\The Binding of Isaac Rebirth\mods\GodmodeAchieved\resources\rooms\luc\challenge_waves.xml", "XML", 0, 246, 0, 0, 0, 1, 247
"c:\Program Files (x86)\Steam\steamapps\common\The Binding of Isaac Rebirth\mods\GodmodeAchieved\resources\rooms\luc\ivory_rooms.lua", "Lua", 11774, 0, 0, 0, 0, 1, 11775
"c:\Program Files (x86)\Steam\steamapps\common\The Binding of Isaac Rebirth\mods\GodmodeAchieved\resources\rooms\luc\ivory_rooms.xml", "XML", 0, 11774, 0, 0, 0, 1, 11775
"c:\Program Files (x86)\Steam\steamapps\common\The Binding of Isaac Rebirth\mods\GodmodeAchieved\resources\rooms\luc\mask_room.lua", "Lua", 18, 0, 0, 0, 0, 1, 19
"c:\Program Files (x86)\Steam\steamapps\common\The Binding of Isaac Rebirth\mods\GodmodeAchieved\resources\rooms\luc\mask_room.xml", "XML", 0, 18, 0, 0, 0, 1, 19
"c:\Program Files (x86)\Steam\steamapps\common\The Binding of Isaac Rebirth\mods\GodmodeAchieved\resources\rooms\nest\boss_challenge_waves.lua", "Lua", 72, 0, 0, 0, 0, 1, 73
"c:\Program Files (x86)\Steam\steamapps\common\The Binding of Isaac Rebirth\mods\GodmodeAchieved\resources\rooms\nest\boss_challenge_waves.xml", "XML", 0, 72, 0, 0, 0, 1, 73
"c:\Program Files (x86)\Steam\steamapps\common\The Binding of Isaac Rebirth\mods\GodmodeAchieved\resources\rooms\nest\bosses\outbreak.lua", "Lua", 334, 0, 0, 0, 0, 1, 335
"c:\Program Files (x86)\Steam\steamapps\common\The Binding of Isaac Rebirth\mods\GodmodeAchieved\resources\rooms\nest\bosses\outbreak.xml", "XML", 0, 334, 0, 0, 0, 1, 335
"c:\Program Files (x86)\Steam\steamapps\common\The Binding of Isaac Rebirth\mods\GodmodeAchieved\resources\rooms\nest\bosses\reapcreep.lua", "Lua", 657, 0, 0, 0, 0, 1, 658
"c:\Program Files (x86)\Steam\steamapps\common\The Binding of Isaac Rebirth\mods\GodmodeAchieved\resources\rooms\nest\bosses\reapcreep.xml", "XML", 0, 657, 0, 0, 0, 1, 658
"c:\Program Files (x86)\Steam\steamapps\common\The Binding of Isaac Rebirth\mods\GodmodeAchieved\resources\rooms\nest\bosses\teratoma.lua", "Lua", 651, 0, 0, 0, 0, 1, 652
"c:\Program Files (x86)\Steam\steamapps\common\The Binding of Isaac Rebirth\mods\GodmodeAchieved\resources\rooms\nest\bosses\teratoma.xml", "XML", 0, 651, 0, 0, 0, 1, 652
"c:\Program Files (x86)\Steam\steamapps\common\The Binding of Isaac Rebirth\mods\GodmodeAchieved\resources\rooms\nest\bosses\war.lua", "Lua", 402, 0, 0, 0, 0, 1, 403
"c:\Program Files (x86)\Steam\steamapps\common\The Binding of Isaac Rebirth\mods\GodmodeAchieved\resources\rooms\nest\bosses\war.xml", "XML", 0, 402, 0, 0, 0, 1, 403
"c:\Program Files (x86)\Steam\steamapps\common\The Binding of Isaac Rebirth\mods\GodmodeAchieved\resources\rooms\nest\bosses\widow.lua", "Lua", 435, 0, 0, 0, 0, 1, 436
"c:\Program Files (x86)\Steam\steamapps\common\The Binding of Isaac Rebirth\mods\GodmodeAchieved\resources\rooms\nest\bosses\widow.xml", "XML", 0, 435, 0, 0, 0, 1, 436
"c:\Program Files (x86)\Steam\steamapps\common\The Binding of Isaac Rebirth\mods\GodmodeAchieved\resources\rooms\nest\bosses\wretched.lua", "Lua", 429, 0, 0, 0, 0, 1, 430
"c:\Program Files (x86)\Steam\steamapps\common\The Binding of Isaac Rebirth\mods\GodmodeAchieved\resources\rooms\nest\bosses\wretched.xml", "XML", 0, 429, 0, 0, 0, 1, 430
"c:\Program Files (x86)\Steam\steamapps\common\The Binding of Isaac Rebirth\mods\GodmodeAchieved\resources\rooms\nest\challenge_waves.lua", "Lua", 219, 0, 0, 0, 0, 1, 220
"c:\Program Files (x86)\Steam\steamapps\common\The Binding of Isaac Rebirth\mods\GodmodeAchieved\resources\rooms\nest\challenge_waves.xml", "XML", 0, 219, 0, 0, 0, 1, 220
"c:\Program Files (x86)\Steam\steamapps\common\The Binding of Isaac Rebirth\mods\GodmodeAchieved\resources\rooms\nest\mom_fight.lua", "Lua", 370, 0, 0, 0, 0, 2, 372
"c:\Program Files (x86)\Steam\steamapps\common\The Binding of Isaac Rebirth\mods\GodmodeAchieved\resources\rooms\nest\nest_rooms.lua", "Lua", 61592, 0, 0, 0, 0, 1, 61593
"c:\Program Files (x86)\Steam\steamapps\common\The Binding of Isaac Rebirth\mods\GodmodeAchieved\resources\rooms\nest\nest_rooms.xml", "XML", 0, 61592, 0, 0, 0, 1, 61593
"c:\Program Files (x86)\Steam\steamapps\common\The Binding of Isaac Rebirth\mods\GodmodeAchieved\resources\rooms\observatory_rooms.lua", "Lua", 15, 0, 0, 0, 0, 1, 16
"c:\Program Files (x86)\Steam\steamapps\common\The Binding of Isaac Rebirth\mods\GodmodeAchieved\resources\rooms\observatory_rooms.xml", "XML", 0, 15, 0, 0, 0, 1, 16
"c:\Program Files (x86)\Steam\steamapps\common\The Binding of Isaac Rebirth\mods\GodmodeAchieved\resources\rooms_deobf\fxlayers.xml", "XML", 0, 218, 0, 0, 19, 1, 238
"c:\Program Files (x86)\Steam\steamapps\common\The Binding of Isaac Rebirth\mods\GodmodeAchieved\resources\rooms_deobf\scripts\god_fruitcellar.lua", "Lua", 8, 0, 0, 0, 0, 0, 8
"c:\Program Files (x86)\Steam\steamapps\common\The Binding of Isaac Rebirth\mods\GodmodeAchieved\resources\rooms_deobf\scripts\god_lucpalace.lua", "Lua", 10984, 0, 0, 0, 0, 1, 10985
"c:\Program Files (x86)\Steam\steamapps\common\The Binding of Isaac Rebirth\mods\GodmodeAchieved\resources\rooms_deobf\scripts\god_lucpalace.xml", "XML", 0, 10984, 0, 0, 1, 0, 10985
"c:\Program Files (x86)\Steam\steamapps\common\The Binding of Isaac Rebirth\mods\GodmodeAchieved\resources\rooms_deobf\scripts\god_lucpalace_prev.lua", "Lua", 8747, 0, 0, 0, 0, 1, 8748
"c:\Program Files (x86)\Steam\steamapps\common\The Binding of Isaac Rebirth\mods\GodmodeAchieved\resources\rooms_deobf\scripts\god_lucpalace_special.lua", "Lua", 23, 0, 0, 0, 0, 1, 24
"c:\Program Files (x86)\Steam\steamapps\common\The Binding of Isaac Rebirth\mods\GodmodeAchieved\resources\rooms_deobf\scripts\god_lucpalace_special.xml", "XML", 0, 23, 0, 0, 1, 0, 24
"c:\Program Files (x86)\Steam\steamapps\common\The Binding of Isaac Rebirth\mods\GodmodeAchieved\resources\rooms_deobf\scripts\god_nightpalace.lua", "Lua", 5194, 0, 0, 0, 0, 1, 5195
"c:\Program Files (x86)\Steam\steamapps\common\The Binding of Isaac Rebirth\mods\GodmodeAchieved\resources\rooms_deobf\scripts\god_palaceboss.lua", "Lua", 11, 0, 0, 0, 0, 1, 12
"c:\Program Files (x86)\Steam\steamapps\common\The Binding of Isaac Rebirth\mods\GodmodeAchieved\resources\rooms_deobf\scripts\god_palaceboss.xml", "XML", 0, 11, 0, 0, 1, 0, 12
"c:\Program Files (x86)\Steam\steamapps\common\The Binding of Isaac Rebirth\mods\GodmodeAchieved\resources\rooms_deobf\scripts\god_thenest.lua", "Lua", 46425, 0, 0, 0, 0, 1, 46426
"c:\Program Files (x86)\Steam\steamapps\common\The Binding of Isaac Rebirth\mods\GodmodeAchieved\resources\rooms_deobf\scripts\god_thenest.xml", "XML", 0, 46425, 0, 0, 1, 0, 46426
"c:\Program Files (x86)\Steam\steamapps\common\The Binding of Isaac Rebirth\mods\GodmodeAchieved\resources\rooms_deobf\scripts\it_breathes.lua", "Lua", 11, 0, 0, 0, 0, 1, 12
"c:\Program Files (x86)\Steam\steamapps\common\The Binding of Isaac Rebirth\mods\GodmodeAchieved\resources\rooms_deobf\scripts\it_breathes.xml", "XML", 0, 11, 0, 0, 1, 0, 12
"c:\Program Files (x86)\Steam\steamapps\common\The Binding of Isaac Rebirth\mods\GodmodeAchieved\resources\rooms_deobf\scripts\luatoxml.py", "Python", 0, 0, 0, 47, 1, 11, 59
"c:\Program Files (x86)\Steam\steamapps\common\The Binding of Isaac Rebirth\mods\GodmodeAchieved\resources\rooms_deobf\scripts\mom_fight.lua", "Lua", 368, 0, 0, 0, 0, 1, 369
"c:\Program Files (x86)\Steam\steamapps\common\The Binding of Isaac Rebirth\mods\GodmodeAchieved\resources\rooms_deobf\scripts\mom_fight.xml", "XML", 0, 368, 0, 0, 1, 0, 369
"c:\Program Files (x86)\Steam\steamapps\common\The Binding of Isaac Rebirth\mods\GodmodeAchieved\resources\rooms_deobf\scripts\mural.xml", "XML", 0, 71, 0, 0, 1, 0, 72
"c:\Program Files (x86)\Steam\steamapps\common\The Binding of Isaac Rebirth\mods\GodmodeAchieved\resources\rooms_deobf\scripts\testhook.bat", "Batch", 0, 0, 3, 0, 0, 1, 4
"c:\Program Files (x86)\Steam\steamapps\common\The Binding of Isaac Rebirth\mods\GodmodeAchieved\scripts\definitions\achievements.lua", "Lua", 163, 0, 0, 0, 5, 45, 213
"c:\Program Files (x86)\Steam\steamapps\common\The Binding of Isaac Rebirth\mods\GodmodeAchieved\scripts\definitions\alt_entries.lua", "Lua", 434, 0, 0, 0, 11, 3, 448
"c:\Program Files (x86)\Steam\steamapps\common\The Binding of Isaac Rebirth\mods\GodmodeAchieved\scripts\definitions\armor_blacklist.lua", "Lua", 84, 0, 0, 0, 1, 4, 89
"c:\Program Files (x86)\Steam\steamapps\common\The Binding of Isaac Rebirth\mods\GodmodeAchieved\scripts\definitions\bosslist.lua", "Lua", 225, 0, 0, 0, 0, 15, 240
"c:\Program Files (x86)\Steam\steamapps\common\The Binding of Isaac Rebirth\mods\GodmodeAchieved\scripts\definitions\cards_pills.lua", "Lua", 218, 0, 0, 0, 1, 34, 253
"c:\Program Files (x86)\Steam\steamapps\common\The Binding of Isaac Rebirth\mods\GodmodeAchieved\scripts\definitions\d10.lua", "Lua", 53, 0, 0, 0, 68, 10, 131
"c:\Program Files (x86)\Steam\steamapps\common\The Binding of Isaac Rebirth\mods\GodmodeAchieved\scripts\definitions\itemlist.lua", "Lua", 97, 0, 0, 0, 0, 3, 100
"c:\Program Files (x86)\Steam\steamapps\common\The Binding of Isaac Rebirth\mods\GodmodeAchieved\scripts\definitions\itempools.lua", "Lua", 63, 0, 0, 0, 0, 12, 75
"c:\Program Files (x86)\Steam\steamapps\common\The Binding of Isaac Rebirth\mods\GodmodeAchieved\scripts\definitions\items\abrahams_map.lua", "Lua", 95, 0, 0, 0, 0, 14, 109
"c:\Program Files (x86)\Steam\steamapps\common\The Binding of Isaac Rebirth\mods\GodmodeAchieved\scripts\definitions\items\adra_blessing.lua", "Lua", 192, 0, 0, 0, 7, 43, 242
"c:\Program Files (x86)\Steam\steamapps\common\The Binding of Isaac Rebirth\mods\GodmodeAchieved\scripts\definitions\items\adra_fury.lua", "Lua", 224, 0, 0, 0, 5, 50, 279
"c:\Program Files (x86)\Steam\steamapps\common\The Binding of Isaac Rebirth\mods\GodmodeAchieved\scripts\definitions\items\angel_food.lua", "Lua", 32, 0, 0, 0, 0, 6, 38
"c:\Program Files (x86)\Steam\steamapps\common\The Binding of Isaac Rebirth\mods\GodmodeAchieved\scripts\definitions\items\apple_juice.lua", "Lua", 55, 0, 0, 0, 2, 8, 65
"c:\Program Files (x86)\Steam\steamapps\common\The Binding of Isaac Rebirth\mods\GodmodeAchieved\scripts\definitions\items\arcade_ticket.lua", "Lua", 39, 0, 0, 0, 2, 6, 47
"c:\Program Files (x86)\Steam\steamapps\common\The Binding of Isaac Rebirth\mods\GodmodeAchieved\scripts\definitions\items\baptismal_cross.lua", "Lua", 45, 0, 0, 0, 0, 3, 48
"c:\Program Files (x86)\Steam\steamapps\common\The Binding of Isaac Rebirth\mods\GodmodeAchieved\scripts\definitions\items\black_mushroom.lua", "Lua", 63, 0, 0, 0, 0, 10, 73
"c:\Program Files (x86)\Steam\steamapps\common\The Binding of Isaac Rebirth\mods\GodmodeAchieved\scripts\definitions\items\blood_pudding.lua", "Lua", 40, 0, 0, 0, 3, 9, 52
"c:\Program Files (x86)\Steam\steamapps\common\The Binding of Isaac Rebirth\mods\GodmodeAchieved\scripts\definitions\items\bubble_wand.lua", "Lua", 42, 0, 0, 0, 0, 7, 49
"c:\Program Files (x86)\Steam\steamapps\common\The Binding of Isaac Rebirth\mods\GodmodeAchieved\scripts\definitions\items\burnt_diary.lua", "Lua", 22, 0, 0, 0, 0, 2, 24
"c:\Program Files (x86)\Steam\steamapps\common\The Binding of Isaac Rebirth\mods\GodmodeAchieved\scripts\definitions\items\calendar.lua", "Lua", 32, 0, 0, 0, 0, 6, 38
"c:\Program Files (x86)\Steam\steamapps\common\The Binding of Isaac Rebirth\mods\GodmodeAchieved\scripts\definitions\items\carrot.lua", "Lua", 39, 0, 0, 0, 0, 3, 42
"c:\Program Files (x86)\Steam\steamapps\common\The Binding of Isaac Rebirth\mods\GodmodeAchieved\scripts\definitions\items\celeste_collar.lua", "Lua", 43, 0, 0, 0, 2, 6, 51
"c:\Program Files (x86)\Steam\steamapps\common\The Binding of Isaac Rebirth\mods\GodmodeAchieved\scripts\definitions\items\celeste_paw.lua", "Lua", 35, 0, 0, 0, 0, 6, 41
"c:\Program Files (x86)\Steam\steamapps\common\The Binding of Isaac Rebirth\mods\GodmodeAchieved\scripts\definitions\items\celeste_tail.lua", "Lua", 36, 0, 0, 0, 0, 5, 41
"c:\Program Files (x86)\Steam\steamapps\common\The Binding of Isaac Rebirth\mods\GodmodeAchieved\scripts\definitions\items\crossbones.lua", "Lua", 52, 0, 0, 0, 1, 8, 61
"c:\Program Files (x86)\Steam\steamapps\common\The Binding of Isaac Rebirth\mods\GodmodeAchieved\scripts\definitions\items\dads_balloon.lua", "Lua", 70, 0, 0, 0, 0, 6, 76
"c:\Program Files (x86)\Steam\steamapps\common\The Binding of Isaac Rebirth\mods\GodmodeAchieved\scripts\definitions\items\devils_food.lua", "Lua", 25, 0, 0, 0, 0, 6, 31
"c:\Program Files (x86)\Steam\steamapps\common\The Binding of Isaac Rebirth\mods\GodmodeAchieved\scripts\definitions\items\divine_approval.lua", "Lua", 71, 0, 0, 0, 0, 16, 87
"c:\Program Files (x86)\Steam\steamapps\common\The Binding of Isaac Rebirth\mods\GodmodeAchieved\scripts\definitions\items\divine_wrath.lua", "Lua", 47, 0, 0, 0, 0, 11, 58
"c:\Program Files (x86)\Steam\steamapps\common\The Binding of Isaac Rebirth\mods\GodmodeAchieved\scripts\definitions\items\diya.lua", "Lua", 26, 0, 0, 0, 0, 5, 31
"c:\Program Files (x86)\Steam\steamapps\common\The Binding of Isaac Rebirth\mods\GodmodeAchieved\scripts\definitions\items\dragon_fruit.lua", "Lua", 34, 0, 0, 0, 1, 4, 39
"c:\Program Files (x86)\Steam\steamapps\common\The Binding of Isaac Rebirth\mods\GodmodeAchieved\scripts\definitions\items\edible_soul.lua", "Lua", 101, 0, 0, 0, 0, 21, 122
"c:\Program Files (x86)\Steam\steamapps\common\The Binding of Isaac Rebirth\mods\GodmodeAchieved\scripts\definitions\items\fallen_guard.lua", "Lua", 17, 0, 0, 0, 0, 2, 19
"c:\Program Files (x86)\Steam\steamapps\common\The Binding of Isaac Rebirth\mods\GodmodeAchieved\scripts\definitions\items\fatal_attraction.lua", "Lua", 31, 0, 0, 0, 3, 4, 38
"c:\Program Files (x86)\Steam\steamapps\common\The Binding of Isaac Rebirth\mods\GodmodeAchieved\scripts\definitions\items\feather_duster.lua", "Lua", 33, 0, 0, 0, 1, 4, 38
"c:\Program Files (x86)\Steam\steamapps\common\The Binding of Isaac Rebirth\mods\GodmodeAchieved\scripts\definitions\items\forbidden_knowledge.lua", "Lua", 46, 0, 0, 0, 1, 7, 54
"c:\Program Files (x86)\Steam\steamapps\common\The Binding of Isaac Rebirth\mods\GodmodeAchieved\scripts\definitions\items\four_leaf_clover.lua", "Lua", 36, 0, 0, 0, 0, 8, 44
"c:\Program Files (x86)\Steam\steamapps\common\The Binding of Isaac Rebirth\mods\GodmodeAchieved\scripts\definitions\items\fruit_fly.lua", "Lua", 18, 0, 0, 0, 0, 2, 20
"c:\Program Files (x86)\Steam\steamapps\common\The Binding of Isaac Rebirth\mods\GodmodeAchieved\scripts\definitions\items\fruit_salad.lua", "Lua", 24, 0, 0, 0, 1, 4, 29
"c:\Program Files (x86)\Steam\steamapps\common\The Binding of Isaac Rebirth\mods\GodmodeAchieved\scripts\definitions\items\fuzzy_dice.lua", "Lua", 34, 0, 0, 0, 0, 6, 40
"c:\Program Files (x86)\Steam\steamapps\common\The Binding of Isaac Rebirth\mods\GodmodeAchieved\scripts\definitions\items\gangrene.lua", "Lua", 41, 0, 0, 0, 0, 5, 46
"c:\Program Files (x86)\Steam\steamapps\common\The Binding of Isaac Rebirth\mods\GodmodeAchieved\scripts\definitions\items\ghanta.lua", "Lua", 33, 0, 0, 0, 0, 10, 43
"c:\Program Files (x86)\Steam\steamapps\common\The Binding of Isaac Rebirth\mods\GodmodeAchieved\scripts\definitions\items\gold_battery.lua", "Lua", 58, 0, 0, 0, 0, 11, 69
"c:\Program Files (x86)\Steam\steamapps\common\The Binding of Isaac Rebirth\mods\GodmodeAchieved\scripts\definitions\items\gold_crown.lua", "Lua", 88, 0, 0, 0, 0, 17, 105
"c:\Program Files (x86)\Steam\steamapps\common\The Binding of Isaac Rebirth\mods\GodmodeAchieved\scripts\definitions\items\gold_stopwatch.lua", "Lua", 58, 0, 0, 0, 11, 12, 81
"c:\Program Files (x86)\Steam\steamapps\common\The Binding of Isaac Rebirth\mods\GodmodeAchieved\scripts\definitions\items\golden_tampon.lua", "Lua", 43, 0, 0, 0, 0, 6, 49
"c:\Program Files (x86)\Steam\steamapps\common\The Binding of Isaac Rebirth\mods\GodmodeAchieved\scripts\definitions\items\heart_arrest.lua", "Lua", 50, 0, 0, 0, 7, 8, 65
"c:\Program Files (x86)\Steam\steamapps\common\The Binding of Isaac Rebirth\mods\GodmodeAchieved\scripts\definitions\items\holy_chalice.lua", "Lua", 47, 0, 0, 0, 0, 9, 56
"c:\Program Files (x86)\Steam\steamapps\common\The Binding of Isaac Rebirth\mods\GodmodeAchieved\scripts\definitions\items\hush_cannon.lua", "Lua", 17, 0, 0, 0, 0, 2, 19
"c:\Program Files (x86)\Steam\steamapps\common\The Binding of Isaac Rebirth\mods\GodmodeAchieved\scripts\definitions\items\hysteria.lua", "Lua", 49, 0, 0, 0, 0, 8, 57
"c:\Program Files (x86)\Steam\steamapps\common\The Binding of Isaac Rebirth\mods\GodmodeAchieved\scripts\definitions\items\ladle.lua", "Lua", 41, 0, 0, 0, 0, 5, 46
"c:\Program Files (x86)\Steam\steamapps\common\The Binding of Isaac Rebirth\mods\GodmodeAchieved\scripts\definitions\items\larval_therapy.lua", "Lua", 31, 0, 0, 0, 4, 6, 41
"c:\Program Files (x86)\Steam\steamapps\common\The Binding of Isaac Rebirth\mods\GodmodeAchieved\scripts\definitions\items\late_delivery.lua", "Lua", 61, 0, 0, 0, 1, 13, 75
"c:\Program Files (x86)\Steam\steamapps\common\The Binding of Isaac Rebirth\mods\GodmodeAchieved\scripts\definitions\items\marshall_scarf.lua", "Lua", 33, 0, 0, 0, 0, 6, 39
"c:\Program Files (x86)\Steam\steamapps\common\The Binding of Isaac Rebirth\mods\GodmodeAchieved\scripts\definitions\items\maxs_head.lua", "Lua", 55, 0, 0, 0, 0, 9, 64
"c:\Program Files (x86)\Steam\steamapps\common\The Binding of Isaac Rebirth\mods\GodmodeAchieved\scripts\definitions\items\moms_wish.lua", "Lua", 52, 0, 0, 0, 0, 6, 58
"c:\Program Files (x86)\Steam\steamapps\common\The Binding of Isaac Rebirth\mods\GodmodeAchieved\scripts\definitions\items\morphine.lua", "Lua", 48, 0, 0, 0, 0, 10, 58
"c:\Program Files (x86)\Steam\steamapps\common\The Binding of Isaac Rebirth\mods\GodmodeAchieved\scripts\definitions\items\nirvana.lua", "Lua", 32, 0, 0, 0, 0, 6, 38
"c:\Program Files (x86)\Steam\steamapps\common\The Binding of Isaac Rebirth\mods\GodmodeAchieved\scripts\definitions\items\nosebleed.lua", "Lua", 38, 0, 0, 0, 0, 7, 45
"c:\Program Files (x86)\Steam\steamapps\common\The Binding of Isaac Rebirth\mods\GodmodeAchieved\scripts\definitions\items\opia.lua", "Lua", 147, 0, 0, 0, 3, 26, 176
"c:\Program Files (x86)\Steam\steamapps\common\The Binding of Isaac Rebirth\mods\GodmodeAchieved\scripts\definitions\items\pair_of_cans.lua", "Lua", 27, 0, 0, 0, 0, 5, 32
"c:\Program Files (x86)\Steam\steamapps\common\The Binding of Isaac Rebirth\mods\GodmodeAchieved\scripts\definitions\items\papal_cross.lua", "Lua", 45, 0, 0, 0, 0, 9, 54
"c:\Program Files (x86)\Steam\steamapps\common\The Binding of Isaac Rebirth\mods\GodmodeAchieved\scripts\definitions\items\papal_cross_holy.lua", "Lua", 43, 0, 0, 0, 0, 8, 51
"c:\Program Files (x86)\Steam\steamapps\common\The Binding of Isaac Rebirth\mods\GodmodeAchieved\scripts\definitions\items\portable_confessional.lua", "Lua", 38, 0, 0, 0, 0, 5, 43
"c:\Program Files (x86)\Steam\steamapps\common\The Binding of Isaac Rebirth\mods\GodmodeAchieved\scripts\definitions\items\prayer_mat.lua", "Lua", 57, 0, 0, 0, 0, 10, 67
"c:\Program Files (x86)\Steam\steamapps\common\The Binding of Isaac Rebirth\mods\GodmodeAchieved\scripts\definitions\items\purity_vessel_0.lua", "Lua", 11, 0, 0, 0, 0, 2, 13
"c:\Program Files (x86)\Steam\steamapps\common\The Binding of Isaac Rebirth\mods\GodmodeAchieved\scripts\definitions\items\purity_vessel_1.lua", "Lua", 15, 0, 0, 0, 0, 4, 19
"c:\Program Files (x86)\Steam\steamapps\common\The Binding of Isaac Rebirth\mods\GodmodeAchieved\scripts\definitions\items\purity_vessel_2.lua", "Lua", 15, 0, 0, 0, 0, 4, 19
"c:\Program Files (x86)\Steam\steamapps\common\The Binding of Isaac Rebirth\mods\GodmodeAchieved\scripts\definitions\items\purity_vessel_base.lua", "Lua", 40, 0, 0, 0, 1, 7, 48
"c:\Program Files (x86)\Steam\steamapps\common\The Binding of Isaac Rebirth\mods\GodmodeAchieved\scripts\definitions\items\quran.lua", "Lua", 35, 0, 0, 0, 0, 9, 44
"c:\Program Files (x86)\Steam\steamapps\common\The Binding of Isaac Rebirth\mods\GodmodeAchieved\scripts\definitions\items\radiance_orb.lua", "Lua", 93, 0, 0, 0, 0, 14, 107
"c:\Program Files (x86)\Steam\steamapps\common\The Binding of Isaac Rebirth\mods\GodmodeAchieved\scripts\definitions\items\reclusive_tendencies.lua", "Lua", 125, 0, 0, 0, 34, 36, 195
"c:\Program Files (x86)\Steam\steamapps\common\The Binding of Isaac Rebirth\mods\GodmodeAchieved\scripts\definitions\items\saint_book.lua", "Lua", 19, 0, 0, 0, 0, 2, 21
"c:\Program Files (x86)\Steam\steamapps\common\The Binding of Isaac Rebirth\mods\GodmodeAchieved\scripts\definitions\items\second_thought.lua", "Lua", 23, 0, 0, 0, 0, 4, 27
"c:\Program Files (x86)\Steam\steamapps\common\The Binding of Isaac Rebirth\mods\GodmodeAchieved\scripts\definitions\items\seraphim_horn.lua", "Lua", 22, 0, 0, 0, 0, 2, 24
"c:\Program Files (x86)\Steam\steamapps\common\The Binding of Isaac Rebirth\mods\GodmodeAchieved\scripts\definitions\items\sharing_caring.lua", "Lua", 43, 0, 0, 0, 2, 8, 53
"c:\Program Files (x86)\Steam\steamapps\common\The Binding of Isaac Rebirth\mods\GodmodeAchieved\scripts\definitions\items\soft_serve.lua", "Lua", 50, 0, 0, 0, 0, 11, 61
"c:\Program Files (x86)\Steam\steamapps\common\The Binding of Isaac Rebirth\mods\GodmodeAchieved\scripts\definitions\items\soul_food.lua", "Lua", 25, 0, 0, 0, 0, 8, 33
"c:\Program Files (x86)\Steam\steamapps\common\The Binding of Isaac Rebirth\mods\GodmodeAchieved\scripts\definitions\items\sugar.lua", "Lua", 53, 0, 0, 0, 0, 7, 60
"c:\Program Files (x86)\Steam\steamapps\common\The Binding of Isaac Rebirth\mods\GodmodeAchieved\scripts\definitions\items\taenia.lua", "Lua", 76, 0, 0, 0, 0, 18, 94
"c:\Program Files (x86)\Steam\steamapps\common\The Binding of Isaac Rebirth\mods\GodmodeAchieved\scripts\definitions\items\tampon.lua", "Lua", 49, 0, 0, 0, 0, 13, 62
"c:\Program Files (x86)\Steam\steamapps\common\The Binding of Isaac Rebirth\mods\GodmodeAchieved\scripts\definitions\items\tecpatl.lua", "Lua", 47, 0, 0, 0, 0, 8, 55
"c:\Program Files (x86)\Steam\steamapps\common\The Binding of Isaac Rebirth\mods\GodmodeAchieved\scripts\definitions\items\template_item_______.lua", "Lua", 46, 0, 0, 0, 0, 0, 46
"c:\Program Files (x86)\Steam\steamapps\common\The Binding of Isaac Rebirth\mods\GodmodeAchieved\scripts\definitions\items\tramp_of_babylon.lua", "Lua", 41, 0, 0, 0, 8, 7, 56
"c:\Program Files (x86)\Steam\steamapps\common\The Binding of Isaac Rebirth\mods\GodmodeAchieved\scripts\definitions\items\transformations\celeste.lua", "Lua", 87, 0, 0, 0, 1, 19, 107
"c:\Program Files (x86)\Steam\steamapps\common\The Binding of Isaac Rebirth\mods\GodmodeAchieved\scripts\definitions\items\transformations\cultist.lua", "Lua", 42, 0, 0, 0, 0, 7, 49
"c:\Program Files (x86)\Steam\steamapps\common\The Binding of Isaac Rebirth\mods\GodmodeAchieved\scripts\definitions\items\transformations\cyborg.lua", "Lua", 68, 0, 0, 0, 0, 9, 77
"c:\Program Files (x86)\Steam\steamapps\common\The Binding of Isaac Rebirth\mods\GodmodeAchieved\scripts\definitions\items\transformations\transform.lua", "Lua", 57, 0, 0, 0, 0, 9, 66
"c:\Program Files (x86)\Steam\steamapps\common\The Binding of Isaac Rebirth\mods\GodmodeAchieved\scripts\definitions\items\trinkets\bobs_tongue.lua", "Lua", 38, 0, 0, 0, 0, 9, 47
"c:\Program Files (x86)\Steam\steamapps\common\The Binding of Isaac Rebirth\mods\GodmodeAchieved\scripts\definitions\items\trinkets\bombshell.lua", "Lua", 35, 0, 0, 0, 0, 5, 40
"c:\Program Files (x86)\Steam\steamapps\common\The Binding of Isaac Rebirth\mods\GodmodeAchieved\scripts\definitions\items\trinkets\cursed_pendant.lua", "Lua", 37, 0, 0, 0, 0, 7, 44
"c:\Program Files (x86)\Steam\steamapps\common\The Binding of Isaac Rebirth\mods\GodmodeAchieved\scripts\definitions\items\trinkets\deep_gesture.lua", "Lua", 40, 0, 0, 0, 0, 5, 45
"c:\Program Files (x86)\Steam\steamapps\common\The Binding of Isaac Rebirth\mods\GodmodeAchieved\scripts\definitions\items\trinkets\godmode.lua", "Lua", 68, 0, 0, 0, 9, 15, 92
"c:\Program Files (x86)\Steam\steamapps\common\The Binding of Isaac Rebirth\mods\GodmodeAchieved\scripts\definitions\items\trinkets\marble_pop.lua", "Lua", 17, 0, 0, 0, 0, 2, 19
"c:\Program Files (x86)\Steam\steamapps\common\The Binding of Isaac Rebirth\mods\GodmodeAchieved\scripts\definitions\items\trinkets\mood_ring_black.lua", "Lua", 21, 0, 0, 0, 0, 3, 24
"c:\Program Files (x86)\Steam\steamapps\common\The Binding of Isaac Rebirth\mods\GodmodeAchieved\scripts\definitions\items\trinkets\mood_ring_blue.lua", "Lua", 63, 0, 0, 0, 0, 7, 70
"c:\Program Files (x86)\Steam\steamapps\common\The Binding of Isaac Rebirth\mods\GodmodeAchieved\scripts\definitions\items\trinkets\mood_ring_red.lua", "Lua", 22, 0, 0, 0, 0, 3, 25
"c:\Program Files (x86)\Steam\steamapps\common\The Binding of Isaac Rebirth\mods\GodmodeAchieved\scripts\definitions\items\trinkets\mood_ring_yellow.lua", "Lua", 22, 0, 0, 0, 0, 3, 25
"c:\Program Files (x86)\Steam\steamapps\common\The Binding of Isaac Rebirth\mods\GodmodeAchieved\scripts\definitions\items\trinkets\moonrock.lua", "Lua", 29, 0, 0, 0, 0, 6, 35
"c:\Program Files (x86)\Steam\steamapps\common\The Binding of Isaac Rebirth\mods\GodmodeAchieved\scripts\definitions\items\trinkets\snack_lock.lua", "Lua", 18, 0, 0, 0, 0, 2, 20
"c:\Program Files (x86)\Steam\steamapps\common\The Binding of Isaac Rebirth\mods\GodmodeAchieved\scripts\definitions\items\trinkets\snapped_cross.lua", "Lua", 48, 0, 0, 0, 1, 5, 54
"c:\Program Files (x86)\Steam\steamapps\common\The Binding of Isaac Rebirth\mods\GodmodeAchieved\scripts\definitions\items\trophy_sword.lua", "Lua", 60, 0, 0, 0, 0, 7, 67
"c:\Program Files (x86)\Steam\steamapps\common\The Binding of Isaac Rebirth\mods\GodmodeAchieved\scripts\definitions\items\uncommon_cough.lua", "Lua", 192, 0, 0, 0, 11, 42, 245
"c:\Program Files (x86)\Steam\steamapps\common\The Binding of Isaac Rebirth\mods\GodmodeAchieved\scripts\definitions\items\vajra.lua", "Lua", 34, 0, 0, 0, 0, 4, 38
"c:\Program Files (x86)\Steam\steamapps\common\The Binding of Isaac Rebirth\mods\GodmodeAchieved\scripts\definitions\items\war_banner.lua", "Lua", 71, 0, 0, 0, 0, 10, 81
"c:\Program Files (x86)\Steam\steamapps\common\The Binding of Isaac Rebirth\mods\GodmodeAchieved\scripts\definitions\items\wings_of_betrayal.lua", "Lua", 57, 0, 0, 0, 0, 12, 69
"c:\Program Files (x86)\Steam\steamapps\common\The Binding of Isaac Rebirth\mods\GodmodeAchieved\scripts\definitions\monsterlist.lua", "Lua", 120, 0, 0, 0, 7, 8, 135
"c:\Program Files (x86)\Steam\steamapps\common\The Binding of Isaac Rebirth\mods\GodmodeAchieved\scripts\definitions\monsters\arch_bishop.lua", "Lua", 215, 0, 0, 0, 0, 29, 244
"c:\Program Files (x86)\Steam\steamapps\common\The Binding of Isaac Rebirth\mods\GodmodeAchieved\scripts\definitions\monsters\barfer.lua", "Lua", 69, 0, 0, 0, 1, 13, 83
"c:\Program Files (x86)\Steam\steamapps\common\The Binding of Isaac Rebirth\mods\GodmodeAchieved\scripts\definitions\monsters\big_dipper.lua", "Lua", 84, 0, 0, 0, 0, 13, 97
"c:\Program Files (x86)\Steam\steamapps\common\The Binding of Isaac Rebirth\mods\GodmodeAchieved\scripts\definitions\monsters\blind.lua", "Lua", 73, 0, 0, 0, 2, 8, 83
"c:\Program Files (x86)\Steam\steamapps\common\The Binding of Isaac Rebirth\mods\GodmodeAchieved\scripts\definitions\monsters\blood_baby.lua", "Lua", 48, 0, 0, 0, 1, 6, 55
"c:\Program Files (x86)\Steam\steamapps\common\The Binding of Isaac Rebirth\mods\GodmodeAchieved\scripts\definitions\monsters\bloody_gabriel.lua", "Lua", 40, 0, 0, 0, 5, 3, 48
"c:\Program Files (x86)\Steam\steamapps\common\The Binding of Isaac Rebirth\mods\GodmodeAchieved\scripts\definitions\monsters\boss\adramolech.lua", "Lua", 26, 0, 0, 0, 4, 2, 32
"c:\Program Files (x86)\Steam\steamapps\common\The Binding of Isaac Rebirth\mods\GodmodeAchieved\scripts\definitions\monsters\boss\bathemo.lua", "Lua", 60, 0, 0, 0, 2, 12, 74
"c:\Program Files (x86)\Steam\steamapps\common\The Binding of Isaac Rebirth\mods\GodmodeAchieved\scripts\definitions\monsters\boss\bathemo_swarm.lua", "Lua", 84, 0, 0, 0, 1, 12, 97
"c:\Program Files (x86)\Steam\steamapps\common\The Binding of Isaac Rebirth\mods\GodmodeAchieved\scripts\definitions\monsters\boss\blasphemous.lua", "Lua", 18, 0, 0, 0, 4, 1, 23
"c:\Program Files (x86)\Steam\steamapps\common\The Binding of Isaac Rebirth\mods\GodmodeAchieved\scripts\definitions\monsters\boss\blightfly.lua", "Lua", 312, 0, 0, 0, 10, 54, 376
"c:\Program Files (x86)\Steam\steamapps\common\The Binding of Isaac Rebirth\mods\GodmodeAchieved\scripts\definitions\monsters\boss\bloody_gabriel.lua", "Lua", 36, 0, 0, 0, 0, 4, 40
"c:\Program Files (x86)\Steam\steamapps\common\The Binding of Isaac Rebirth\mods\GodmodeAchieved\scripts\definitions\monsters\boss\bloody_uriel.lua", "Lua", 33, 0, 0, 0, 1, 4, 38
"c:\Program Files (x86)\Steam\steamapps\common\The Binding of Isaac Rebirth\mods\GodmodeAchieved\scripts\definitions\monsters\boss\bowl_play.lua", "Lua", 212, 0, 0, 0, 2, 47, 261
"c:\Program Files (x86)\Steam\steamapps\common\The Binding of Isaac Rebirth\mods\GodmodeAchieved\scripts\definitions\monsters\boss\brazier.lua", "Lua", 325, 0, 0, 0, 26, 76, 427
"c:\Program Files (x86)\Steam\steamapps\common\The Binding of Isaac Rebirth\mods\GodmodeAchieved\scripts\definitions\monsters\boss\bubbly_plum.lua", "Lua", 436, 0, 0, 0, 13, 95, 544
"c:\Program Files (x86)\Steam\steamapps\common\The Binding of Isaac Rebirth\mods\GodmodeAchieved\scripts\definitions\monsters\boss\bulge_bat.lua", "Lua", 116, 0, 0, 0, 3, 20, 139
"c:\Program Files (x86)\Steam\steamapps\common\The Binding of Isaac Rebirth\mods\GodmodeAchieved\scripts\definitions\monsters\boss\death.lua", "Lua", 80, 0, 0, 0, 8, 13, 101
"c:\Program Files (x86)\Steam\steamapps\common\The Binding of Isaac Rebirth\mods\GodmodeAchieved\scripts\definitions\monsters\boss\death_horse.lua", "Lua", 27, 0, 0, 0, 1, 3, 31
"c:\Program Files (x86)\Steam\steamapps\common\The Binding of Isaac Rebirth\mods\GodmodeAchieved\scripts\definitions\monsters\boss\death_no_horse.lua", "Lua", 15, 0, 0, 0, 2, 4, 21
"c:\Program Files (x86)\Steam\steamapps\common\The Binding of Isaac Rebirth\mods\GodmodeAchieved\scripts\definitions\monsters\boss\famine.lua", "Lua", 99, 0, 0, 0, 4, 18, 121
"c:\Program Files (x86)\Steam\steamapps\common\The Binding of Isaac Rebirth\mods\GodmodeAchieved\scripts\definitions\monsters\boss\furnace_guard.lua", "Lua", 76, 0, 0, 0, 0, 15, 91
"c:\Program Files (x86)\Steam\steamapps\common\The Binding of Isaac Rebirth\mods\GodmodeAchieved\scripts\definitions\monsters\boss\grand_marshall.lua", "Lua", 364, 0, 0, 0, 1, 38, 403
"c:\Program Files (x86)\Steam\steamapps\common\The Binding of Isaac Rebirth\mods\GodmodeAchieved\scripts\definitions\monsters\boss\hostess.lua", "Lua", 366, 0, 0, 0, 0, 49, 415
"c:\Program Files (x86)\Steam\steamapps\common\The Binding of Isaac Rebirth\mods\GodmodeAchieved\scripts\definitions\monsters\boss\it_breathes.lua", "Lua", 161, 0, 0, 0, 3, 17, 181
"c:\Program Files (x86)\Steam\steamapps\common\The Binding of Isaac Rebirth\mods\GodmodeAchieved\scripts\definitions\monsters\boss\lucifer.lua", "Lua", 250, 0, 0, 0, 9, 27, 286
"c:\Program Files (x86)\Steam\steamapps\common\The Binding of Isaac Rebirth\mods\GodmodeAchieved\scripts\definitions\monsters\boss\lucifer_nohealth.lua", "Lua", 5, 0, 0, 0, 0, 0, 5
"c:\Program Files (x86)\Steam\steamapps\common\The Binding of Isaac Rebirth\mods\GodmodeAchieved\scripts\definitions\monsters\boss\ludomaw.lua", "Lua", 97, 0, 0, 0, 12, 17, 126
"c:\Program Files (x86)\Steam\steamapps\common\The Binding of Isaac Rebirth\mods\GodmodeAchieved\scripts\definitions\monsters\boss\megaworm.lua", "Lua", 172, 0, 0, 0, 9, 29, 210
"c:\Program Files (x86)\Steam\steamapps\common\The Binding of Isaac Rebirth\mods\GodmodeAchieved\scripts\definitions\monsters\boss\mimic_worm.lua", "Lua", 188, 0, 0, 0, 4, 39, 231
"c:\Program Files (x86)\Steam\steamapps\common\The Binding of Isaac Rebirth\mods\GodmodeAchieved\scripts\definitions\monsters\boss\outbreak.lua", "Lua", 257, 0, 0, 0, 11, 49, 317
"c:\Program Files (x86)\Steam\steamapps\common\The Binding of Isaac Rebirth\mods\GodmodeAchieved\scripts\definitions\monsters\boss\sacred_body.lua", "Lua", 163, 0, 0, 0, 0, 20, 183
"c:\Program Files (x86)\Steam\steamapps\common\The Binding of Isaac Rebirth\mods\GodmodeAchieved\scripts\definitions\monsters\boss\sacred_mind.lua", "Lua", 243, 0, 0, 0, 3, 32, 278
"c:\Program Files (x86)\Steam\steamapps\common\The Binding of Isaac Rebirth\mods\GodmodeAchieved\scripts\definitions\monsters\boss\sacred_soul.lua", "Lua", 175, 0, 0, 0, 1, 28, 204
"c:\Program Files (x86)\Steam\steamapps\common\The Binding of Isaac Rebirth\mods\GodmodeAchieved\scripts\definitions\monsters\boss\skeleton_angel.lua", "Lua", 511, 0, 0, 0, 75, 68, 654
"c:\Program Files (x86)\Steam\steamapps\common\The Binding of Isaac Rebirth\mods\GodmodeAchieved\scripts\definitions\monsters\boss\skeleton_soul.lua", "Lua", 272, 0, 0, 0, 12, 54, 338
"c:\Program Files (x86)\Steam\steamapps\common\The Binding of Isaac Rebirth\mods\GodmodeAchieved\scripts\definitions\monsters\boss\souleater.lua", "Lua", 198, 0, 0, 0, 1, 32, 231
"c:\Program Files (x86)\Steam\steamapps\common\The Binding of Isaac Rebirth\mods\GodmodeAchieved\scripts\definitions\monsters\boss\the_ritual.lua", "Lua", 460, 0, 0, 0, 15, 48, 523
"c:\Program Files (x86)\Steam\steamapps\common\The Binding of Isaac Rebirth\mods\GodmodeAchieved\scripts\definitions\monsters\boss\the_sunken.lua", "Lua", 126, 0, 0, 0, 1, 13, 140
"c:\Program Files (x86)\Steam\steamapps\common\The Binding of Isaac Rebirth\mods\GodmodeAchieved\scripts\definitions\monsters\boss\war.lua", "Lua", 86, 0, 0, 0, 11, 19, 116
"c:\Program Files (x86)\Steam\steamapps\common\The Binding of Isaac Rebirth\mods\GodmodeAchieved\scripts\definitions\monsters\boss\war_no_horse.lua", "Lua", 12, 0, 0, 0, 1, 2, 15
"c:\Program Files (x86)\Steam\steamapps\common\The Binding of Isaac Rebirth\mods\GodmodeAchieved\scripts\definitions\monsters\callen_skull.lua", "Lua", 87, 0, 0, 0, 1, 18, 106
"c:\Program Files (x86)\Steam\steamapps\common\The Binding of Isaac Rebirth\mods\GodmodeAchieved\scripts\definitions\monsters\chanter.lua", "Lua", 53, 0, 0, 0, 0, 9, 62
"c:\Program Files (x86)\Steam\steamapps\common\The Binding of Isaac Rebirth\mods\GodmodeAchieved\scripts\definitions\monsters\cluster.lua", "Lua", 41, 0, 0, 0, 1, 8, 50
"c:\Program Files (x86)\Steam\steamapps\common\The Binding of Isaac Rebirth\mods\GodmodeAchieved\scripts\definitions\monsters\delirious_pile.lua", "Lua", 108, 0, 0, 0, 24, 30, 162
"c:\Program Files (x86)\Steam\steamapps\common\The Binding of Isaac Rebirth\mods\GodmodeAchieved\scripts\definitions\monsters\devil_lock.lua", "Lua", 9, 0, 0, 0, 4, 2, 15
"c:\Program Files (x86)\Steam\steamapps\common\The Binding of Isaac Rebirth\mods\GodmodeAchieved\scripts\definitions\monsters\dial.lua", "Lua", 42, 0, 0, 0, 6, 7, 55
"c:\Program Files (x86)\Steam\steamapps\common\The Binding of Isaac Rebirth\mods\GodmodeAchieved\scripts\definitions\monsters\dream.lua", "Lua", 63, 0, 0, 0, 1, 13, 77
"c:\Program Files (x86)\Steam\steamapps\common\The Binding of Isaac Rebirth\mods\GodmodeAchieved\scripts\definitions\monsters\drifter.lua", "Lua", 47, 0, 0, 0, 0, 12, 59
"c:\Program Files (x86)\Steam\steamapps\common\The Binding of Isaac Rebirth\mods\GodmodeAchieved\scripts\definitions\monsters\effect\adra_charge.lua", "Lua", 103, 0, 0, 0, 1, 20, 124
"c:\Program Files (x86)\Steam\steamapps\common\The Binding of Isaac Rebirth\mods\GodmodeAchieved\scripts\definitions\monsters\effect\bone_shield.lua", "Lua", 41, 0, 0, 0, 0, 8, 49
"c:\Program Files (x86)\Steam\steamapps\common\The Binding of Isaac Rebirth\mods\GodmodeAchieved\scripts\definitions\monsters\effect\call_of_the_void.lua", "Lua", 217, 0, 0, 0, 1, 46, 264
"c:\Program Files (x86)\Steam\steamapps\common\The Binding of Isaac Rebirth\mods\GodmodeAchieved\scripts\definitions\monsters\effect\cat_swipe.lua", "Lua", 21, 0, 0, 0, 0, 6, 27
"c:\Program Files (x86)\Steam\steamapps\common\The Binding of Isaac Rebirth\mods\GodmodeAchieved\scripts\definitions\monsters\effect\crack_sky_with_tell.lua", "Lua", 32, 0, 0, 0, 2, 7, 41
"c:\Program Files (x86)\Steam\steamapps\common\The Binding of Isaac Rebirth\mods\GodmodeAchieved\scripts\definitions\monsters\effect\door_hazard.lua", "Lua", 219, 0, 0, 0, 9, 29, 257
"c:\Program Files (x86)\Steam\steamapps\common\The Binding of Isaac Rebirth\mods\GodmodeAchieved\scripts\definitions\monsters\effect\fallen_light_crack.lua", "Lua", 24, 0, 0, 0, 1, 7, 32
"c:\Program Files (x86)\Steam\steamapps\common\The Binding of Isaac Rebirth\mods\GodmodeAchieved\scripts\definitions\monsters\effect\furnace_bubble.lua", "Lua", 34, 0, 0, 0, 4, 2, 40
"c:\Program Files (x86)\Steam\steamapps\common\The Binding of Isaac Rebirth\mods\GodmodeAchieved\scripts\definitions\monsters\effect\gold_scale.lua", "Lua", 17, 0, 0, 0, 0, 5, 22
"c:\Program Files (x86)\Steam\steamapps\common\The Binding of Isaac Rebirth\mods\GodmodeAchieved\scripts\definitions\monsters\effect\holy_order.lua", "Lua", 60, 0, 0, 0, 1, 12, 73
"c:\Program Files (x86)\Steam\steamapps\common\The Binding of Isaac Rebirth\mods\GodmodeAchieved\scripts\definitions\monsters\effect\ivory_portal.lua", "Lua", 38, 0, 0, 0, 0, 5, 43
"c:\Program Files (x86)\Steam\steamapps\common\The Binding of Isaac Rebirth\mods\GodmodeAchieved\scripts\definitions\monsters\effect\marketman.lua", "Lua", 33, 0, 0, 0, 0, 7, 40
"c:\Program Files (x86)\Steam\steamapps\common\The Binding of Isaac Rebirth\mods\GodmodeAchieved\scripts\definitions\monsters\effect\observatory_fx.lua", "Lua", 57, 0, 0, 0, 1, 13, 71
"c:\Program Files (x86)\Steam\steamapps\common\The Binding of Isaac Rebirth\mods\GodmodeAchieved\scripts\definitions\monsters\effect\papal_flame.lua", "Lua", 74, 0, 0, 0, 0, 16, 90
"c:\Program Files (x86)\Steam\steamapps\common\The Binding of Isaac Rebirth\mods\GodmodeAchieved\scripts\definitions\monsters\effect\player_trail.lua", "Lua", 56, 0, 0, 0, 0, 14, 70
"c:\Program Files (x86)\Steam\steamapps\common\The Binding of Isaac Rebirth\mods\GodmodeAchieved\scripts\definitions\monsters\effect\shatter_coin.lua", "Lua", 25, 0, 0, 0, 0, 7, 32
"c:\Program Files (x86)\Steam\steamapps\common\The Binding of Isaac Rebirth\mods\GodmodeAchieved\scripts\definitions\monsters\effect\sign_flame.lua", "Lua", 21, 0, 0, 0, 1, 7, 29
"c:\Program Files (x86)\Steam\steamapps\common\The Binding of Isaac Rebirth\mods\GodmodeAchieved\scripts\definitions\monsters\effect\soft_serve_puddle.lua", "Lua", 180, 0, 0, 0, 1, 27, 208
"c:\Program Files (x86)\Steam\steamapps\common\The Binding of Isaac Rebirth\mods\GodmodeAchieved\scripts\definitions\monsters\effect\unholy_order.lua", "Lua", 66, 0, 0, 0, 2, 14, 82
"c:\Program Files (x86)\Steam\steamapps\common\The Binding of Isaac Rebirth\mods\GodmodeAchieved\scripts\definitions\monsters\effect\war_banner.lua", "Lua", 80, 0, 0, 0, 0, 16, 96
"c:\Program Files (x86)\Steam\steamapps\common\The Binding of Isaac Rebirth\mods\GodmodeAchieved\scripts\definitions\monsters\fallen_angel.lua", "Lua", 29, 0, 0, 0, 1, 3, 33
"c:\Program Files (x86)\Steam\steamapps\common\The Binding of Isaac Rebirth\mods\GodmodeAchieved\scripts\definitions\monsters\familiar\burnt_page.lua", "Lua", 20, 0, 0, 0, 0, 3, 23
"c:\Program Files (x86)\Steam\steamapps\common\The Binding of Isaac Rebirth\mods\GodmodeAchieved\scripts\definitions\monsters\familiar\chigger.lua", "Lua", 54, 0, 0, 0, 0, 11, 65
"c:\Program Files (x86)\Steam\steamapps\common\The Binding of Isaac Rebirth\mods\GodmodeAchieved\scripts\definitions\monsters\familiar\diya.lua", "Lua", 54, 0, 0, 0, 0, 12, 66
"c:\Program Files (x86)\Steam\steamapps\common\The Binding of Isaac Rebirth\mods\GodmodeAchieved\scripts\definitions\monsters\familiar\fallen_guard.lua", "Lua", 45, 0, 0, 0, 0, 8, 53
"c:\Program Files (x86)\Steam\steamapps\common\The Binding of Isaac Rebirth\mods\GodmodeAchieved\scripts\definitions\monsters\familiar\fruit_fly.lua", "Lua", 44, 0, 0, 0, 0, 10, 54
"c:\Program Files (x86)\Steam\steamapps\common\The Binding of Isaac Rebirth\mods\GodmodeAchieved\scripts\definitions\monsters\familiar\holy_chalice.lua", "Lua", 19, 0, 0, 0, 0, 2, 21
"c:\Program Files (x86)\Steam\steamapps\common\The Binding of Isaac Rebirth\mods\GodmodeAchieved\scripts\definitions\monsters\familiar\hush_cannon.lua", "Lua", 66, 0, 0, 0, 1, 13, 80
"c:\Program Files (x86)\Steam\steamapps\common\The Binding of Isaac Rebirth\mods\GodmodeAchieved\scripts\definitions\monsters\familiar\late_delivery.lua", "Lua", 36, 0, 0, 0, 0, 8, 44
"c:\Program Files (x86)\Steam\steamapps\common\The Binding of Isaac Rebirth\mods\GodmodeAchieved\scripts\definitions\monsters\familiar\pair_of_cans.lua", "Lua", 36, 0, 0, 0, 1, 8, 45
"c:\Program Files (x86)\Steam\steamapps\common\The Binding of Isaac Rebirth\mods\GodmodeAchieved\scripts\definitions\monsters\familiar\ritual_candle.lua", "Lua", 45, 0, 0, 0, 0, 11, 56
"c:\Program Files (x86)\Steam\steamapps\common\The Binding of Isaac Rebirth\mods\GodmodeAchieved\scripts\definitions\monsters\familiar\shop_parrot.lua", "Lua", 130, 0, 0, 0, 0, 23, 153
"c:\Program Files (x86)\Steam\steamapps\common\The Binding of Isaac Rebirth\mods\GodmodeAchieved\scripts\definitions\monsters\fetal_baby.lua", "Lua", 37, 0, 0, 0, 0, 7, 44
"c:\Program Files (x86)\Steam\steamapps\common\The Binding of Isaac Rebirth\mods\GodmodeAchieved\scripts\definitions\monsters\gatekeeper.lua", "Lua", 134, 0, 0, 0, 1, 24, 159
"c:\Program Files (x86)\Steam\steamapps\common\The Binding of Isaac Rebirth\mods\GodmodeAchieved\scripts\definitions\monsters\godleg.lua", "Lua", 60, 0, 0, 0, 1, 13, 74
"c:\Program Files (x86)\Steam\steamapps\common\The Binding of Isaac Rebirth\mods\GodmodeAchieved\scripts\definitions\monsters\grub.lua", "Lua", 39, 0, 0, 0, 2, 12, 53
"c:\Program Files (x86)\Steam\steamapps\common\The Binding of Isaac Rebirth\mods\GodmodeAchieved\scripts\definitions\monsters\guard_of_the_father.lua", "Lua", 44, 0, 0, 0, 1, 9, 54
"c:\Program Files (x86)\Steam\steamapps\common\The Binding of Isaac Rebirth\mods\GodmodeAchieved\scripts\definitions\monsters\guarded.lua", "Lua", 81, 0, 0, 0, 2, 15, 98
"c:\Program Files (x86)\Steam\steamapps\common\The Binding of Isaac Rebirth\mods\GodmodeAchieved\scripts\definitions\monsters\harf.lua", "Lua", 34, 0, 0, 0, 1, 8, 43
"c:\Program Files (x86)\Steam\steamapps\common\The Binding of Isaac Rebirth\mods\GodmodeAchieved\scripts\definitions\monsters\hexstar.lua", "Lua", 28, 0, 0, 0, 1, 2, 31
"c:\Program Files (x86)\Steam\steamapps\common\The Binding of Isaac Rebirth\mods\GodmodeAchieved\scripts\definitions\monsters\hover.lua", "Lua", 57, 0, 0, 0, 0, 11, 68
"c:\Program Files (x86)\Steam\steamapps\common\The Binding of Isaac Rebirth\mods\GodmodeAchieved\scripts\definitions\monsters\infested_membrain.lua", "Lua", 63, 0, 0, 0, 1, 8, 72
"c:\Program Files (x86)\Steam\steamapps\common\The Binding of Isaac Rebirth\mods\GodmodeAchieved\scripts\definitions\monsters\ludomini.lua", "Lua", 33, 0, 0, 0, 0, 4, 37
"c:\Program Files (x86)\Steam\steamapps\common\The Binding of Isaac Rebirth\mods\GodmodeAchieved\scripts\definitions\monsters\machine\bomb_barrel.lua", "Lua", 35, 0, 0, 0, 1, 8, 44
"c:\Program Files (x86)\Steam\steamapps\common\The Binding of Isaac Rebirth\mods\GodmodeAchieved\scripts\definitions\monsters\machine\dynamite_rock.lua", "Lua", 24, 0, 0, 0, 0, 6, 30
"c:\Program Files (x86)\Steam\steamapps\common\The Binding of Isaac Rebirth\mods\GodmodeAchieved\scripts\definitions\monsters\machine\elohim_throne.lua", "Lua", 47, 0, 0, 0, 8, 9, 64
"c:\Program Files (x86)\Steam\steamapps\common\The Binding of Isaac Rebirth\mods\GodmodeAchieved\scripts\definitions\monsters\machine\ivory_palace_decorator.lua", "Lua", 85, 0, 0, 0, 3, 6, 94
"c:\Program Files (x86)\Steam\steamapps\common\The Binding of Isaac Rebirth\mods\GodmodeAchieved\scripts\definitions\monsters\machine\mask_statue.lua", "Lua", 113, 0, 0, 0, 0, 17, 130
"c:\Program Files (x86)\Steam\steamapps\common\The Binding of Isaac Rebirth\mods\GodmodeAchieved\scripts\definitions\monsters\machine\ooze_turret.lua", "Lua", 35, 0, 0, 0, 5, 6, 46
"c:\Program Files (x86)\Steam\steamapps\common\The Binding of Isaac Rebirth\mods\GodmodeAchieved\scripts\definitions\monsters\machine\palace_mural.lua", "Lua", 29, 0, 0, 0, 0, 5, 34
"c:\Program Files (x86)\Steam\steamapps\common\The Binding of Isaac Rebirth\mods\GodmodeAchieved\scripts\definitions\monsters\machine\pill_beggar.lua", "Lua", 71, 0, 0, 0, 2, 15, 88
"c:\Program Files (x86)\Steam\steamapps\common\The Binding of Isaac Rebirth\mods\GodmodeAchieved\scripts\definitions\monsters\machine\secret_pedestal.lua", "Lua", 89, 0, 0, 0, 5, 15, 109
"c:\Program Files (x86)\Steam\steamapps\common\The Binding of Isaac Rebirth\mods\GodmodeAchieved\scripts\definitions\monsters\machine\trap_turret.lua", "Lua", 85, 0, 0, 0, 1, 16, 102
"c:\Program Files (x86)\Steam\steamapps\common\The Binding of Isaac Rebirth\mods\GodmodeAchieved\scripts\definitions\monsters\marshall_pawn.lua", "Lua", 80, 0, 0, 0, 1, 9, 90
"c:\Program Files (x86)\Steam\steamapps\common\The Binding of Isaac Rebirth\mods\GodmodeAchieved\scripts\definitions\monsters\mum.lua", "Lua", 20, 0, 0, 0, 0, 4, 24
"c:\Program Files (x86)\Steam\steamapps\common\The Binding of Isaac Rebirth\mods\GodmodeAchieved\scripts\definitions\monsters\nerve_cluster.lua", "Lua", 33, 0, 0, 0, 0, 9, 42
"c:\Program Files (x86)\Steam\steamapps\common\The Binding of Isaac Rebirth\mods\GodmodeAchieved\scripts\definitions\monsters\paracolony.lua", "Lua", 36, 0, 0, 0, 0, 7, 43
"c:\Program Files (x86)\Steam\steamapps\common\The Binding of Isaac Rebirth\mods\GodmodeAchieved\scripts\definitions\monsters\pickup\fatal_attraction.lua", "Lua", 105, 0, 0, 0, 15, 23, 143
"c:\Program Files (x86)\Steam\steamapps\common\The Binding of Isaac Rebirth\mods\GodmodeAchieved\scripts\definitions\monsters\pickup\fruit.lua", "Lua", 99, 0, 0, 0, 28, 22, 149
"c:\Program Files (x86)\Steam\steamapps\common\The Binding of Isaac Rebirth\mods\GodmodeAchieved\scripts\definitions\monsters\pickup\heart_container.lua", "Lua", 51, 0, 0, 0, 10, 12, 73
"c:\Program Files (x86)\Steam\steamapps\common\The Binding of Isaac Rebirth\mods\GodmodeAchieved\scripts\definitions\monsters\pickup\red_coin.lua", "Lua", 47, 0, 0, 0, 8, 10, 65
"c:\Program Files (x86)\Steam\steamapps\common\The Binding of Isaac Rebirth\mods\GodmodeAchieved\scripts\definitions\monsters\pickup\secret_light.lua", "Lua", 35, 0, 0, 0, 14, 14, 63
"c:\Program Files (x86)\Steam\steamapps\common\The Binding of Isaac Rebirth\mods\GodmodeAchieved\scripts\definitions\monsters\planter.lua", "Lua", 32, 0, 0, 0, 0, 7, 39
"c:\Program Files (x86)\Steam\steamapps\common\The Binding of Isaac Rebirth\mods\GodmodeAchieved\scripts\definitions\monsters\purple_mask.lua", "Lua", 87, 0, 0, 0, 0, 12, 99
"c:\Program Files (x86)\Steam\steamapps\common\The Binding of Isaac Rebirth\mods\GodmodeAchieved\scripts\definitions\monsters\queen_fly.lua", "Lua", 69, 0, 0, 0, 0, 12, 81
"c:\Program Files (x86)\Steam\steamapps\common\The Binding of Isaac Rebirth\mods\GodmodeAchieved\scripts\definitions\monsters\ratty.lua", "Lua", 131, 0, 0, 0, 6, 24, 161
"c:\Program Files (x86)\Steam\steamapps\common\The Binding of Isaac Rebirth\mods\GodmodeAchieved\scripts\definitions\monsters\shade.lua", "Lua", 28, 0, 0, 0, 0, 7, 35
"c:\Program Files (x86)\Steam\steamapps\common\The Binding of Isaac Rebirth\mods\GodmodeAchieved\scripts\definitions\monsters\silent.lua", "Lua", 49, 0, 0, 0, 2, 6, 57
"c:\Program Files (x86)\Steam\steamapps\common\The Binding of Isaac Rebirth\mods\GodmodeAchieved\scripts\definitions\monsters\smasher.lua", "Lua", 63, 0, 0, 0, 1, 9, 73
"c:\Program Files (x86)\Steam\steamapps\common\The Binding of Isaac Rebirth\mods\GodmodeAchieved\scripts\definitions\monsters\super_flesh_host.lua", "Lua", 36, 0, 0, 0, 0, 5, 41
"c:\Program Files (x86)\Steam\steamapps\common\The Binding of Isaac Rebirth\mods\GodmodeAchieved\scripts\definitions\monsters\super_host.lua", "Lua", 77, 0, 0, 0, 0, 15, 92
"c:\Program Files (x86)\Steam\steamapps\common\The Binding of Isaac Rebirth\mods\GodmodeAchieved\scripts\definitions\monsters\teether.lua", "Lua", 44, 0, 0, 0, 4, 10, 58
"c:\Program Files (x86)\Steam\steamapps\common\The Binding of Isaac Rebirth\mods\GodmodeAchieved\scripts\definitions\monsters\template_monster_______.lua", "Lua", 14, 0, 0, 0, 0, 3, 17
"c:\Program Files (x86)\Steam\steamapps\common\The Binding of Isaac Rebirth\mods\GodmodeAchieved\scripts\definitions\monsters\the_id.lua", "Lua", 28, 0, 0, 0, 0, 5, 33
"c:\Program Files (x86)\Steam\steamapps\common\The Binding of Isaac Rebirth\mods\GodmodeAchieved\scripts\definitions\monsters\trailer.lua", "Lua", 73, 0, 0, 0, 0, 14, 87
"c:\Program Files (x86)\Steam\steamapps\common\The Binding of Isaac Rebirth\mods\GodmodeAchieved\scripts\definitions\monsters\tweaks\mimic.lua", "Lua", 32, 0, 0, 0, 1, 9, 42
"c:\Program Files (x86)\Steam\steamapps\common\The Binding of Isaac Rebirth\mods\GodmodeAchieved\scripts\definitions\monsters\vengeance.lua", "Lua", 203, 0, 0, 0, 8, 40, 251
"c:\Program Files (x86)\Steam\steamapps\common\The Binding of Isaac Rebirth\mods\GodmodeAchieved\scripts\definitions\monsters\winged_spider.lua", "Lua", 98, 0, 0, 0, 9, 20, 127
"c:\Program Files (x86)\Steam\steamapps\common\The Binding of Isaac Rebirth\mods\GodmodeAchieved\scripts\definitions\monsters\wrinkly_fatty.lua", "Lua", 47, 0, 0, 0, 1, 8, 56
"c:\Program Files (x86)\Steam\steamapps\common\The Binding of Isaac Rebirth\mods\GodmodeAchieved\scripts\definitions\players.lua", "Lua", 810, 0, 0, 0, 27, 58, 895
"c:\Program Files (x86)\Steam\steamapps\common\The Binding of Isaac Rebirth\mods\GodmodeAchieved\scripts\definitions\roomlist.lua", "Lua", 19, 0, 0, 0, 0, 3, 22
"c:\Program Files (x86)\Steam\steamapps\common\The Binding of Isaac Rebirth\mods\GodmodeAchieved\scripts\definitions\sounds.lua", "Lua", 12, 0, 0, 0, 0, 0, 12
"c:\Program Files (x86)\Steam\steamapps\common\The Binding of Isaac Rebirth\mods\GodmodeAchieved\scripts\definitions\special_items.lua", "Lua", 44, 0, 0, 0, 0, 9, 53
"c:\Program Files (x86)\Steam\steamapps\common\The Binding of Isaac Rebirth\mods\GodmodeAchieved\scripts\definitions\stages\customgrid\barrel.lua", "Lua", 7, 0, 0, 0, 0, 3, 10
"c:\Program Files (x86)\Steam\steamapps\common\The Binding of Isaac Rebirth\mods\GodmodeAchieved\scripts\definitions\stages\fruit_cellar.lua", "Lua", 164, 0, 0, 0, 10, 23, 197
"c:\Program Files (x86)\Steam\steamapps\common\The Binding of Isaac Rebirth\mods\GodmodeAchieved\scripts\definitions\stages\fruit_cellar_two.lua", "Lua", 24, 0, 0, 0, 1, 2, 27
"c:\Program Files (x86)\Steam\steamapps\common\The Binding of Isaac Rebirth\mods\GodmodeAchieved\scripts\definitions\stages\intestines.lua", "Lua", 178, 0, 0, 0, 1, 25, 204
"c:\Program Files (x86)\Steam\steamapps\common\The Binding of Isaac Rebirth\mods\GodmodeAchieved\scripts\definitions\stages\intestines_two.lua", "Lua", 29, 0, 0, 0, 0, 8, 37
"c:\Program Files (x86)\Steam\steamapps\common\The Binding of Isaac Rebirth\mods\GodmodeAchieved\scripts\definitions\stages\l_palace.lua", "Lua", 156, 0, 0, 0, 2, 31, 189
"c:\Program Files (x86)\Steam\steamapps\common\The Binding of Isaac Rebirth\mods\GodmodeAchieved\scripts\definitions\stages\nest.lua", "Lua", 112, 0, 0, 0, 0, 16, 128
"c:\Program Files (x86)\Steam\steamapps\common\The Binding of Isaac Rebirth\mods\GodmodeAchieved\scripts\definitions\stages\nest_two.lua", "Lua", 27, 0, 0, 0, 0, 8, 35
"c:\Program Files (x86)\Steam\steamapps\common\The Binding of Isaac Rebirth\mods\GodmodeAchieved\scripts\godhook_converter.lua", "Lua", 1111, 0, 0, 0, 9, 71, 1191
"c:\Program Files (x86)\Steam\steamapps\common\The Binding of Isaac Rebirth\mods\GodmodeAchieved\scripts\mod_integration.lua", "Lua", 1134, 0, 0, 0, 92, 381, 1607
"c:\Program Files (x86)\Steam\steamapps\common\The Binding of Isaac Rebirth\mods\GodmodeAchieved\scripts\room_override.lua", "Lua", 115, 0, 0, 0, 33, 19, 167
"c:\Program Files (x86)\Steam\steamapps\common\The Binding of Isaac Rebirth\mods\GodmodeAchieved\scripts\room_overrides\bathemo.lua", "Lua", 235, 0, 0, 0, 0, 1, 236
"c:\Program Files (x86)\Steam\steamapps\common\The Binding of Isaac Rebirth\mods\GodmodeAchieved\scripts\room_overrides\bathemo.xml", "XML", 0, 235, 0, 0, 0, 1, 236
"c:\Program Files (x86)\Steam\steamapps\common\The Binding of Isaac Rebirth\mods\GodmodeAchieved\scripts\room_overrides\blightfly.lua", "Lua", 273, 0, 0, 0, 0, 1, 274
"c:\Program Files (x86)\Steam\steamapps\common\The Binding of Isaac Rebirth\mods\GodmodeAchieved\scripts\room_overrides\blightfly.xml", "XML", 0, 273, 0, 0, 0, 1, 274
"c:\Program Files (x86)\Steam\steamapps\common\The Binding of Isaac Rebirth\mods\GodmodeAchieved\scripts\room_overrides\brazier.lua", "Lua", 72, 0, 0, 0, 0, 1, 73
"c:\Program Files (x86)\Steam\steamapps\common\The Binding of Isaac Rebirth\mods\GodmodeAchieved\scripts\room_overrides\brazier.xml", "XML", 0, 72, 0, 0, 0, 1, 73
"c:\Program Files (x86)\Steam\steamapps\common\The Binding of Isaac Rebirth\mods\GodmodeAchieved\scripts\room_overrides\bubble_plum.lua", "Lua", 135, 0, 0, 0, 0, 1, 136
"c:\Program Files (x86)\Steam\steamapps\common\The Binding of Isaac Rebirth\mods\GodmodeAchieved\scripts\room_overrides\bubble_plum.xml", "XML", 0, 135, 0, 0, 0, 1, 136
"c:\Program Files (x86)\Steam\steamapps\common\The Binding of Isaac Rebirth\mods\GodmodeAchieved\scripts\room_overrides\first_treasure.lua", "Lua", 13117, 0, 0, 0, 0, 1, 13118
"c:\Program Files (x86)\Steam\steamapps\common\The Binding of Isaac Rebirth\mods\GodmodeAchieved\scripts\room_overrides\first_treasure.xml", "XML", 0, 13117, 0, 0, 0, 1, 13118
"c:\Program Files (x86)\Steam\steamapps\common\The Binding of Isaac Rebirth\mods\GodmodeAchieved\scripts\room_overrides\grand_marshall.lua", "Lua", 12, 0, 0, 0, 0, 1, 13
"c:\Program Files (x86)\Steam\steamapps\common\The Binding of Isaac Rebirth\mods\GodmodeAchieved\scripts\room_overrides\grand_marshall.xml", "XML", 0, 12, 0, 0, 0, 1, 13
"c:\Program Files (x86)\Steam\steamapps\common\The Binding of Isaac Rebirth\mods\GodmodeAchieved\scripts\room_overrides\hostess.lua", "Lua", 280, 0, 0, 0, 0, 1, 281
"c:\Program Files (x86)\Steam\steamapps\common\The Binding of Isaac Rebirth\mods\GodmodeAchieved\scripts\room_overrides\hostess.xml", "XML", 0, 280, 0, 0, 0, 1, 281
"c:\Program Files (x86)\Steam\steamapps\common\The Binding of Isaac Rebirth\mods\GodmodeAchieved\scripts\room_overrides\ludomaw.lua", "Lua", 375, 0, 0, 0, 0, 1, 376
"c:\Program Files (x86)\Steam\steamapps\common\The Binding of Isaac Rebirth\mods\GodmodeAchieved\scripts\room_overrides\ludomaw.xml", "XML", 0, 375, 0, 0, 0, 1, 376
"c:\Program Files (x86)\Steam\steamapps\common\The Binding of Isaac Rebirth\mods\GodmodeAchieved\scripts\room_overrides\megaworm.lua", "Lua", 666, 0, 0, 0, 0, 1, 667
"c:\Program Files (x86)\Steam\steamapps\common\The Binding of Isaac Rebirth\mods\GodmodeAchieved\scripts\room_overrides\megaworm.xml", "XML", 0, 666, 0, 0, 0, 1, 667
"c:\Program Files (x86)\Steam\steamapps\common\The Binding of Isaac Rebirth\mods\GodmodeAchieved\scripts\room_overrides\souleater.lua", "Lua", 12, 0, 0, 0, 0, 1, 13
"c:\Program Files (x86)\Steam\steamapps\common\The Binding of Isaac Rebirth\mods\GodmodeAchieved\scripts\room_overrides\souleater.xml", "XML", 0, 12, 0, 0, 0, 1, 13
"c:\Program Files (x86)\Steam\steamapps\common\The Binding of Isaac Rebirth\mods\GodmodeAchieved\scripts\room_overrides\the_ritual.lua", "Lua", 12, 0, 0, 0, 0, 1, 13
"c:\Program Files (x86)\Steam\steamapps\common\The Binding of Isaac Rebirth\mods\GodmodeAchieved\scripts\room_overrides\the_ritual.xml", "XML", 0, 12, 0, 0, 0, 1, 13
"c:\Program Files (x86)\Steam\steamapps\common\The Binding of Isaac Rebirth\mods\GodmodeAchieved\scripts\room_overrides\the_sacred.lua", "Lua", 12, 0, 0, 0, 0, 1, 13
"c:\Program Files (x86)\Steam\steamapps\common\The Binding of Isaac Rebirth\mods\GodmodeAchieved\scripts\room_overrides\the_sacred.xml", "XML", 0, 12, 0, 0, 0, 1, 13
"c:\Program Files (x86)\Steam\steamapps\common\The Binding of Isaac Rebirth\mods\GodmodeAchieved\scripts\save_manager.lua", "Lua", 273, 0, 0, 0, 12, 63, 348
"c:\Program Files (x86)\Steam\steamapps\common\The Binding of Isaac Rebirth\mods\GodmodeAchieved\scripts\util.lua", "Lua", 620, 0, 0, 0, 20, 107, 747
"Total", "-", 888599, 979577, 3, 47, 1228, 4818, 1874272